Rk,Player,Nation,Pos,Squad,Age,Born,90s,Total Cmp,Total Att,Total Cmp%,Total TotDist,Total PrgDist,Short Cmp,Short Att,Short Cmp%,Medium Cmp,Medium Att,Medium Cmp%,Long Cmp,Long Att,Long Cmp%,Ast,xAG,Expected xA,Expected A-xAG,KP,1/3,PPA,CrsPA,PrgP
1,Max Aarons,eng ENG,DF,Bournemouth,23,2000,13.7,450,581,77.5,7402,2789,220,248,88.7,188,235,80.0,34,63,54.0,1,0.8,0.9,+0.2,7,25,13,2,43
2,Joshua Acheampong,eng ENG,DF,Chelsea,17,2006,0.1,1,2,50.0,18,7,0,0,,1,1,100.0,0,1,0.0,0,0.0,0.0,0.0,0,0,0,0,0
3,Tyler Adams,us USA,MF,Bournemouth,24,1999,1.3,59,71,83.1,973,262,35,39,89.7,18,24,75.0,6,8,75.0,0,0.1,0.0,-0.1,1,9,0,0,5
4,Tosin Adarabioyo,eng ENG,DF,Fulham,25,1997,18.0,1028,1216,84.5,21010,7956,277,307,90.2,627,699,89.7,115,177,65.0,0,0.1,0.3,-0.1,2,47,2,0,62
5,Elijah Adebayo,eng ENG,FW,Luton Town,25,1998,15.8,144,204,70.6,1847,385,94,122,77.0,41,60,68.3,3,6,50.0,0,0.7,0.4,-0.7,14,9,4,0,23
6,Simon Adingra,ci CIV,FW,Brighton,21,2002,24.7,634,840,75.5,8828,1713,412,491,83.9,185,245,75.5,20,38,52.6,1,3.7,3.5,-2.7,33,17,33,11,50
7,Nayef Aguerd,ma MAR,DF,West Ham,27,1996,20.6,943,1177,80.1,19870,8804,335,360,93.1,452,493,91.7,143,297,48.1,0,0.3,0.4,-0.3,4,74,2,0,68
8,Brandon Aguilera,cr CRC,FW,Nott'ham Forest,20,2003,0.1,4,8,50.0,48,23,3,6,50.0,1,2,50.0,0,0,,0,0.0,0.0,0.0,0,1,0,0,0
9,Naouirou Ahamada,fr FRA,"MF,FW",Crystal Palace,21,2002,3.9,150,187,80.2,2455,628,76,89,85.4,59,69,85.5,10,14,71.4,0,0.0,0.1,0.0,1,12,0,0,25
10,Anel Ahmedhodžić,ba BIH,DF,Sheffield Utd,24,1999,29.4,745,988,75.4,12681,5037,334,384,87.0,345,422,81.8,53,137,38.7,0,0.8,0.6,-0.8,7,41,3,1,43
11,Ola Aina,ng NGA,DF,Nott'ham Forest,26,1996,18.8,603,802,75.2,9610,4012,328,374,87.7,217,284,76.4,45,99,45.5,1,0.9,1.0,+0.1,11,58,13,6,68
12,Rayan Aït-Nouri,dz ALG,"DF,MF",Wolves,22,2001,25.9,1005,1190,84.5,13946,3935,627,688,91.1,297,344,86.3,38,72,52.8,1,2.4,1.7,-1.4,25,60,13,4,99
13,Kristoffer Ajer,no NOR,DF,Brentford,25,1998,20.4,610,810,75.3,10210,3786,291,337,86.4,263,332,79.2,45,103,43.7,1,2.3,2.7,-1.3,12,56,10,3,61
14,Manuel Akanji,ch SUI,"DF,MF",Manchester City,28,1995,27.9,2180,2334,93.4,35688,9787,1091,1136,96.0,923,975,94.7,126,163,77.3,0,0.5,1.8,-0.5,13,214,15,2,148
15,Nathan Aké,nl NED,DF,Manchester City,28,1995,22.7,1716,1864,92.1,26189,8717,882,921,95.8,750,796,94.2,43,85,50.6,2,1.2,1.1,+0.8,10,148,5,1,116
16,Thiago Alcántara,es ESP,MF,Liverpool,32,1991,0.1,7,10,70.0,130,30,3,3,100.0,3,4,75.0,1,2,50.0,0,0.0,0.0,0.0,0,0,0,0,0
17,Trent Alexander-Arnold,eng ENG,DF,Liverpool,24,1998,23.9,1553,2062,75.3,30386,12434,676,734,92.1,607,762,79.7,244,495,49.3,4,7.2,6.1,-3.2,64,202,57,18,205
18,Alisson,br BRA,GK,Liverpool,30,1992,28.0,985,1142,86.3,21428,13147,238,239,99.6,597,607,98.4,147,284,51.8,0,0.0,0.0,0.0,1,8,0,0,5
19,Miguel Almirón,py PAR,FW,Newcastle Utd,29,1994,21.5,668,801,83.4,9023,1846,411,456,90.1,208,250,83.2,21,38,55.3,1,2.6,2.4,-1.6,24,38,21,3,78
20,Edson Álvarez,mx MEX,MF,West Ham,25,1997,26.4,1033,1207,85.6,17083,5225,518,573,90.4,401,445,90.1,87,132,65.9,1,0.6,0.8,+0.4,12,87,6,1,91
21,Julián Álvarez,ar ARG,"MF,FW",Manchester City,23,2000,29.4,1011,1258,80.4,13977,2992,615,679,90.6,272,328,82.9,58,145,40.0,8,6.4,6.3,+1.6,67,43,41,4,103
22,Zeki Amdouni,ch SUI,FW,Burnley,22,2000,21.7,396,500,79.2,6229,1153,216,265,81.5,141,161,87.6,24,35,68.6,1,1.4,1.3,-0.4,16,28,9,0,49
23,Sofyan Amrabat,ma MAR,"MF,DF",Manchester Utd,26,1996,10.4,578,664,87.0,10308,2747,244,274,89.1,264,296,89.2,56,67,83.6,0,0.3,0.4,-0.3,6,62,6,1,66
24,Joachim Andersen,dk DEN,DF,Crystal Palace,27,1996,37.9,1731,2209,78.4,37874,14700,488,559,87.3,950,1041,91.3,281,547,51.4,3,2.8,2.3,+0.2,20,171,17,8,147
25,Elliot Anderson,eng ENG,"MF,FW",Newcastle Utd,20,2002,11.4,370,460,80.4,5041,1322,241,274,88.0,108,130,83.1,8,27,29.6,2,1.9,1.2,+0.1,15,36,12,0,57
26,Jaidon Anthony,eng ENG,FW,Bournemouth,23,1999,1.7,30,45,66.7,453,139,17,20,85.0,10,14,71.4,1,6,16.7,0,0.0,0.0,0.0,0,3,1,0,8
27,Michail Antonio,jm JAM,FW,West Ham,33,1990,18.8,180,308,58.4,2635,626,111,154,72.1,48,90,53.3,13,26,50.0,2,0.9,1.3,+1.1,8,13,7,2,22
28,Antony,br BRA,FW,Manchester Utd,23,2000,14.7,468,595,78.7,6175,1608,295,348,84.8,130,153,85.0,16,30,53.3,1,2.8,1.9,-1.8,22,26,29,3,64
29,Oliver Arblaster,eng ENG,MF,Sheffield Utd,19,2004,10.5,349,438,79.7,5894,1788,173,200,86.5,146,166,88.0,26,50,52.0,0,0.7,0.9,-0.7,11,37,6,0,43
30,Cameron Archer,eng ENG,"FW,MF",Sheffield Utd,22,2001,20.4,266,332,80.1,3245,471,171,207,82.6,64,69,92.8,5,9,55.6,1,2.8,1.4,-1.8,23,11,7,2,15
31,Cameron Archer,eng ENG,MF,Aston Villa,22,2001,0.1,5,6,83.3,42,0,5,6,83.3,0,0,,0,0,,0,0.0,0.0,0.0,0,0,0,0,0
32,Alphonse Areola,fr FRA,GK,West Ham,30,1993,30.0,562,867,64.8,17799,12917,74,76,97.4,245,246,99.6,241,538,44.8,0,0.0,0.0,0.0,0,8,0,0,1
33,Lorenz Assignon,tg TOG,DF,Burnley,23,2000,13.7,352,485,72.6,5411,1984,182,225,80.9,152,194,78.4,10,31,32.3,2,2.6,1.6,-0.6,13,16,10,5,34
34,Serge Aurier,ci CIV,"DF,MF",Nott'ham Forest,30,1992,9.3,348,448,77.7,5238,2147,191,225,84.9,130,156,83.3,17,45,37.8,2,0.5,0.5,+1.5,4,31,9,4,47
35,Taiwo Awoniyi,ng NGA,FW,Nott'ham Forest,25,1997,11.6,127,175,72.6,1594,312,88,111,79.3,34,47,72.3,3,5,60.0,3,1.7,0.9,+1.3,10,6,3,0,14
36,Jordan Ayew,gh GHA,"FW,MF",Crystal Palace,31,1991,28.3,681,920,74.0,9753,1856,417,478,87.2,213,285,74.7,24,74,32.4,7,4.2,2.7,+2.8,25,43,26,10,63
37,Benoît Badiashile,fr FRA,DF,Chelsea,22,2001,14.9,1065,1173,90.8,18737,7087,442,463,95.5,543,584,93.0,71,106,67.0,1,1.5,0.9,-0.5,6,48,4,0,46
38,Leon Bailey,jm JAM,"MF,FW",Aston Villa,25,1997,23.0,573,790,72.5,8993,2559,327,391,83.6,184,242,76.0,48,82,58.5,9,9.2,7.3,-0.2,52,38,51,7,82
39,Stefan Bajcetic,es ESP,MF,Liverpool,18,2004,0.3,7,10,70.0,101,44,3,3,100.0,4,6,66.7,0,0,,0,0.0,0.0,0.0,0,0,0,0,1
40,George Baldock,gr GRE,DF,Sheffield Utd,30,1993,10.8,291,397,73.3,4602,1810,169,191,88.5,100,124,80.6,18,52,34.6,1,0.8,0.6,+0.2,7,18,11,4,31
41,Carlos Baleba,cm CMR,MF,Brighton,19,2004,14.7,713,775,92.0,10618,2185,402,429,93.7,267,278,96.0,24,30,80.0,0,0.3,0.3,-0.3,8,38,3,0,50
42,Fodé Ballo-Touré,sn SEN,"DF,MF",Fulham,26,1997,0.8,56,78,71.8,1002,224,23,30,76.7,26,33,78.8,6,8,75.0,0,0.0,0.0,0.0,0,3,0,0,0
43,Shandon Baptiste,gd GRN,MF,Brentford,25,1998,2.5,66,90,73.3,1144,351,33,39,84.6,25,28,89.3,7,15,46.7,1,0.2,0.4,+0.8,4,7,3,2,5
44,Valentín Barco,ar ARG,"DF,FW",Brighton,19,2004,3.4,179,233,76.8,2509,864,120,131,91.6,47,64,73.4,7,23,30.4,0,0.2,0.4,-0.2,4,10,3,0,14
45,Ross Barkley,eng ENG,MF,Luton Town,29,1993,29.1,1218,1474,82.6,21602,6544,550,611,90.0,473,533,88.7,147,226,65.0,4,3.7,2.7,+0.3,44,138,27,1,163
46,Harvey Barnes,eng ENG,"FW,MF",Newcastle Utd,25,1997,8.9,208,272,76.5,2981,750,128,147,87.1,68,84,81.0,7,16,43.8,3,3.2,1.9,-0.2,13,11,17,3,34
47,Chris Basham,eng ENG,"DF,MF",Sheffield Utd,35,1988,3.6,103,138,74.6,1506,484,62,70,88.6,31,45,68.9,6,14,42.9,0,0.3,0.1,-0.3,2,7,2,0,7
48,Calvin Bassey,ng NGA,DF,Fulham,23,1999,25.6,1440,1674,86.0,27276,9421,483,514,94.0,787,855,92.0,141,246,57.3,0,0.0,0.2,0.0,1,80,2,0,62
49,Owen Beck,wls WAL,DF,Liverpool,20,2002,0.1,3,4,75.0,31,1,2,3,66.7,1,1,100.0,0,0,,0,0.0,0.0,0.0,0,0,0,0,0
50,Donny van de Beek,nl NED,DF,Manchester Utd,26,1997,0.0,1,1,100.0,7,0,1,1,100.0,0,0,,0,0,,0,0.1,0.0,-0.1,1,0,0,0,0
51,Amari'i Bell,jm JAM,DF,Luton Town,29,1994,19.1,645,835,77.2,10680,4470,324,372,87.1,270,315,85.7,44,108,40.7,0,0.5,0.4,-0.5,8,63,8,0,76
52,Jean-Ricner Bellegarde,fr FRA,"MF,FW",Wolves,25,1998,10.6,241,314,76.8,3452,786,144,161,89.4,76,98,77.6,14,29,48.3,1,1.0,0.8,0.0,12,17,7,0,39
53,Anis Ben Slimane,tn TUN,MF,Sheffield Utd,22,2001,4.7,92,139,66.2,1322,373,47,70,67.1,35,43,81.4,4,5,80.0,0,0.3,0.1,-0.3,3,6,2,0,12
54,Saïd Benrahma,dz ALG,"FW,MF",West Ham,27,1995,6.9,193,257,75.1,2587,504,116,138,84.1,56,76,73.7,8,15,53.3,1,1.4,0.8,-0.4,11,11,11,2,28
55,Rodrigo Bentancur,uy URU,MF,Tottenham,26,1997,11.2,674,800,84.3,10011,2610,384,426,90.1,244,282,86.5,29,41,70.7,1,0.5,1.1,+0.5,8,69,11,1,72
56,Daniel Bentley,eng ENG,GK,Wolves,30,1993,4.3,96,144,66.7,2347,1661,30,30,100.0,37,37,100.0,28,76,36.8,0,0.0,0.0,0.0,0,2,0,0,0
57,Jóhann Berg Guðmundsson,is ISL,"MF,FW",Burnley,32,1990,13.2,396,544,72.8,7505,2234,164,184,89.1,159,203,78.3,61,124,49.2,3,2.7,2.5,+0.3,35,36,18,6,59
58,Sander Berge,no NOR,MF,Burnley,25,1998,33.4,1376,1562,88.1,24429,5168,568,637,89.2,658,711,92.5,125,154,81.2,2,2.4,1.6,-0.4,29,129,16,1,164
59,Luke Berry,eng ENG,"MF,DF",Luton Town,31,1992,3.6,64,99,64.6,984,310,38,45,84.4,18,32,56.3,6,15,40.0,1,0.3,0.1,+0.7,2,5,0,0,8
60,Beto,gw GNB,FW,Everton,25,1998,10.6,108,180,60.0,1451,323,66,98,67.3,34,53,64.2,5,7,71.4,0,0.9,0.3,-0.9,11,7,6,0,14
61,Jordan Beyer,de GER,DF,Burnley,23,2000,13.7,766,861,89.0,14232,3759,270,298,90.6,421,446,94.4,64,92,69.6,1,0.3,0.2,+0.7,3,28,1,0,25
62,Philip Billing,dk DEN,MF,Bournemouth,27,1996,15.5,404,537,75.2,6037,1791,232,279,83.2,121,153,79.1,31,56,55.4,2,3.2,2.1,-1.2,23,39,15,4,53
63,Yves Bissouma,ml MLI,MF,Tottenham,26,1996,23.0,1689,1842,91.7,25078,7214,948,1006,94.2,607,651,93.2,68,84,81.0,0,0.4,1.7,-0.4,11,156,12,0,169
64,Benicio Boaitey,eng ENG,"FW,DF",Brighton,19,2004,0.4,13,20,65.0,188,30,8,11,72.7,5,8,62.5,0,0,,0,0.1,0.1,-0.1,1,0,0,0,2
65,Oscar Bobb,no NOR,"FW,MF",Manchester City,20,2003,3.4,155,177,87.6,2056,478,101,107,94.4,44,51,86.3,4,4,100.0,1,1.2,1.3,-0.2,9,3,19,1,25
66,Jayden Bogle,eng ENG,DF,Sheffield Utd,23,2000,31.0,684,968,70.7,10589,3926,405,472,85.8,216,301,71.8,51,124,41.1,0,1.0,1.2,-1.0,10,45,20,5,60
67,Willy Boly,ci CIV,DF,Nott'ham Forest,32,1991,16.0,503,671,75.0,9362,4059,201,229,87.8,239,304,78.6,49,109,45.0,1,1.3,0.8,-0.3,9,34,8,0,32
68,Sven Botman,nl NED,DF,Newcastle Utd,23,2000,15.3,921,1017,90.6,17027,6760,357,382,93.5,459,489,93.9,98,132,74.2,2,1.0,0.6,+1.0,5,38,1,0,35
69,Jarrod Bowen,eng ENG,FW,West Ham,26,1996,33.5,484,702,68.9,6899,1825,284,341,83.3,141,188,75.0,34,71,47.9,6,5.5,4.8,+0.5,31,29,13,3,52
70,Conor Bradley,nir NIR,DF,Liverpool,20,2003,8.4,419,530,79.1,6224,1849,238,275,86.5,149,190,78.4,20,35,57.1,3,1.5,1.2,+1.5,15,27,13,3,29
71,Jarrad Branthwaite,eng ENG,DF,Everton,21,2002,34.6,1105,1385,79.8,20561,8048,440,507,86.8,531,612,86.8,115,212,54.2,0,1.0,1.3,-1.0,4,60,1,0,74
72,Ben Brereton,cl CHI,"FW,MF",Sheffield Utd,24,1999,12.3,200,265,75.5,2833,720,127,149,85.2,58,76,76.3,12,17,70.6,1,1.5,1.1,-0.5,8,22,12,2,37
73,Rhian Brewster,eng ENG,"FW,MF",Sheffield Utd,23,2000,3.8,52,76,68.4,702,178,35,41,85.4,10,22,45.5,4,7,57.1,0,0.1,0.1,-0.1,2,6,1,0,3
74,Armando Broja,al ALB,FW,Chelsea,21,2001,5.0,83,94,88.3,932,91,60,64,93.8,15,18,83.3,1,2,50.0,0,0.2,0.3,-0.2,3,2,2,0,6
75,Armando Broja,al ALB,FW,Fulham,21,2001,1.0,19,27,70.4,200,71,15,19,78.9,4,5,80.0,0,0,,1,0.4,0.0,+0.6,1,4,1,0,2
76,Andre Brooks,eng ENG,"MF,DF",Sheffield Utd,19,2003,10.4,196,261,75.1,2943,511,109,131,83.2,80,97,82.5,6,19,31.6,0,0.1,0.3,-0.1,3,11,5,0,18
77,David Brooks,wls WAL,"FW,MF",Bournemouth,26,1997,3.1,95,132,72.0,1545,666,47,55,85.5,34,42,81.0,10,23,43.5,1,1.0,0.5,0.0,8,14,12,3,21
78,Jacob Brown,sct SCO,"MF,FW",Luton Town,25,1998,11.3,136,247,55.1,1865,626,91,127,71.7,35,56,62.5,6,24,25.0,0,0.7,0.4,-0.7,8,6,3,1,19
79,Josh Brownhill,eng ENG,MF,Burnley,27,1995,25.0,850,1106,76.9,13206,3449,451,532,84.8,311,393,79.1,55,114,48.2,2,2.1,2.1,-0.1,34,71,16,0,90
80,Jacob Bruun Larsen,dk DEN,"MF,FW",Burnley,24,1998,13.9,378,526,71.9,6208,1406,208,257,80.9,120,162,74.1,39,64,60.9,0,1.5,1.8,-1.5,25,12,13,2,38
81,Hugo Bueno,es ESP,"DF,MF",Wolves,20,2002,8.2,318,406,78.3,4380,1005,211,237,89.0,92,117,78.6,11,27,40.7,0,0.8,0.7,-0.8,6,11,8,8,8
82,Santiago Bueno,uy URU,DF,Wolves,24,1998,9.1,426,480,88.8,7158,2158,177,192,92.2,223,237,94.1,18,37,48.6,0,0.1,0.0,-0.1,2,16,0,0,11
83,Facundo Buonanotte,ar ARG,"FW,MF",Brighton,18,2004,15.2,404,478,84.5,5038,1028,270,306,88.2,95,109,87.2,9,15,60.0,1,1.8,1.2,-0.8,18,26,14,1,42
84,Reece Burke,eng ENG,DF,Luton Town,26,1996,18.4,547,719,76.1,10396,4169,200,247,81.0,280,325,86.2,57,120,47.5,4,1.4,0.9,+2.6,13,58,9,3,67
85,Dan Burn,eng ENG,DF,Newcastle Utd,31,1992,30.3,1351,1667,81.0,22402,8237,606,702,86.3,676,788,85.8,54,111,48.6,2,1.1,1.1,+0.9,10,67,7,3,75
86,Mason Burstow,eng ENG,FW,Chelsea,19,2003,0.1,3,4,75.0,29,1,3,3,100.0,0,0,,0,0,,0,0.0,0.0,0.0,0,0,0,0,0
87,Moisés Caicedo,ec ECU,MF,Chelsea,21,2001,31.8,1907,2119,90.0,29696,8181,1046,1120,93.4,673,726,92.7,124,162,76.5,3,2.6,2.0,+0.4,23,176,20,0,173
88,Tom Cairney,sct SCO,MF,Fulham,32,1991,16.5,1126,1272,88.5,17463,3797,603,644,93.6,422,454,93.0,68,109,62.4,4,2.3,2.5,+1.7,26,84,25,4,145
89,Dominic Calvert-Lewin,eng ENG,FW,Everton,26,1997,24.1,248,440,56.4,2917,647,175,271,64.6,49,99,49.5,6,12,50.0,2,3.1,1.6,-1.1,19,13,12,0,31
90,Thomas Cannon,ie IRL,FW,Everton,20,2002,0.0,0,0,,0,0,0,0,,0,0,,0,0,,0,0.0,0.0,0.0,0,0,0,0,0
91,Diego Carlos,br BRA,DF,Aston Villa,30,1993,20.2,1184,1340,88.4,23313,9315,357,378,94.4,714,749,95.3,107,199,53.8,0,0.1,0.4,-0.1,3,72,4,0,59
92,Cesare Casadei,it ITA,"FW,MF",Chelsea,20,2003,0.9,53,65,81.5,792,155,29,34,85.3,17,22,77.3,4,4,100.0,0,0.1,0.1,-0.1,2,2,0,0,3
93,Casemiro,br BRA,"MF,DF",Manchester Utd,31,1992,22.0,1165,1425,81.8,20136,7677,536,596,89.9,489,568,86.1,105,187,56.1,2,1.0,1.2,+1.0,16,124,18,3,112
94,Kaelan Casey,eng ENG,DF,West Ham,18,2004,0.0,0,0,,0,0,0,0,,0,0,,0,0,,0,0.0,0.0,0.0,0,0,0,0,0
95,Matty Cash,pl POL,DF,Aston Villa,25,1997,23.8,985,1225,80.4,16094,4888,490,545,89.9,415,501,82.8,63,131,48.1,2,2.3,2.5,-0.3,13,69,19,8,88
96,Timothy Castagne,be BEL,DF,Fulham,27,1995,29.3,1350,1662,81.2,21238,7361,705,794,88.8,514,595,86.4,91,162,56.2,3,1.9,1.8,+1.1,18,74,17,8,77
97,Jonny Castro,es ESP,MF,Wolves,29,1994,0.1,0,0,,0,0,0,0,,0,0,,0,0,,0,0.0,0.0,0.0,0,0,0,0,0
98,Trevoh Chalobah,eng ENG,DF,Chelsea,24,1999,10.6,700,783,89.4,12088,3518,278,302,92.1,377,397,95.0,35,70,50.0,0,0.1,0.4,-0.1,2,30,2,0,31
99,Calum Chambers,eng ENG,"MF,DF",Aston Villa,28,1995,1.7,100,113,88.5,1705,512,47,50,94.0,45,47,95.7,6,10,60.0,1,0.1,0.0,+0.9,1,2,0,0,5
100,Youssef Chermiti,pt POR,FW,Everton,19,2004,2.3,35,58,60.3,486,108,19,32,59.4,12,19,63.2,1,1,100.0,0,0.8,0.3,-0.8,4,1,4,0,5
101,Ben Chilwell,eng ENG,DF,Chelsea,26,1996,8.4,373,495,75.4,5230,1552,230,259,88.8,112,143,78.3,18,48,37.5,1,2.2,1.8,-1.2,14,29,2,2,25
102,Tawanda Chirewa,zw ZIM,"MF,FW",Wolves,19,2003,1.6,46,58,79.3,664,151,29,31,93.5,14,18,77.8,2,3,66.7,0,0.0,0.1,0.0,1,3,3,2,7
103,Leon Chiwome,eng ENG,FW,Wolves,17,2006,1.9,19,22,86.4,244,59,12,13,92.3,6,6,100.0,1,1,100.0,0,0.0,0.0,0.0,0,2,0,0,2
104,Tahith Chong,nl NED,"MF,FW",Luton Town,23,1999,22.0,428,550,77.8,6679,1643,227,257,88.3,149,189,78.8,32,54,59.3,0,0.5,1.4,-0.5,10,35,20,8,72
105,Ryan Christie,sct SCO,MF,Bournemouth,28,1995,32.3,988,1300,76.0,18802,5120,399,467,85.4,425,510,83.3,143,253,56.5,5,5.4,5.4,-0.4,55,118,42,7,167
106,Carney Chukwuemeka,eng ENG,"MF,FW",Chelsea,19,2003,2.5,115,134,85.8,1476,266,82,88,93.2,26,31,83.9,4,5,80.0,1,0.3,0.3,+0.7,4,4,6,0,12
107,Bobby Clark,eng ENG,MF,Liverpool,18,2005,1.0,38,49,77.6,465,64,23,29,79.3,11,12,91.7,1,2,50.0,0,0.0,0.0,0.0,0,3,0,0,3
108,Jordan Clark,eng ENG,MF,Luton Town,29,1993,14.5,369,513,71.9,6108,1636,180,231,77.9,136,173,78.6,33,63,52.4,1,1.3,1.2,-0.3,12,19,18,4,51
109,Nathaniel Clyne,eng ENG,DF,Crystal Palace,32,1991,14.9,495,600,82.5,7555,3021,266,288,92.4,191,224,85.3,28,54,51.9,0,0.2,0.2,-0.2,3,33,4,2,33
110,Séamus Coleman,ie IRL,DF,Everton,34,1988,7.4,207,306,67.6,3381,1481,111,132,84.1,76,103,73.8,16,51,31.4,0,1.0,0.7,-1.0,3,15,4,2,22
111,Nathan Collins,ie IRL,DF,Brentford,22,2001,29.5,1261,1552,81.3,23470,8772,462,528,87.5,660,757,87.2,116,214,54.2,1,2.2,1.1,-1.2,11,78,6,0,97
112,Levi Colwill,eng ENG,DF,Chelsea,20,2003,20.0,965,1163,83.0,16310,5939,444,495,89.7,456,508,89.8,51,117,43.6,1,1.2,0.5,-0.2,7,82,6,0,73
113,Lewis Cook,eng ENG,MF,Bournemouth,26,1997,31.0,1135,1487,76.3,20294,6864,458,539,85.0,539,616,87.5,112,257,43.6,3,4.3,3.0,-1.3,46,138,20,4,142
114,Jack Cork,eng ENG,MF,Burnley,34,1989,0.3,25,33,75.8,370,77,13,16,81.3,10,10,100.0,1,3,33.3,0,0.0,0.0,0.0,0,5,0,0,4
115,Maxwel Cornet,ci CIV,"MF,FW",West Ham,26,1996,1.2,36,49,73.5,407,70,27,34,79.4,6,8,75.0,0,1,0.0,0,0.2,0.0,-0.2,4,0,0,0,2
116,Vladimír Coufal,cz CZE,DF,West Ham,30,1992,34.8,1154,1665,69.3,18778,9229,596,669,89.1,448,627,71.5,84,254,33.1,7,4.0,3.0,+3.0,33,98,38,21,119
117,Philippe Coutinho,br BRA,"MF,FW",Aston Villa,31,1992,0.3,20,24,83.3,265,63,11,14,78.6,8,9,88.9,0,0,,0,0.0,0.0,0.0,0,4,0,0,5
118,Aaron Cresswell,eng ENG,"DF,FW",West Ham,33,1989,4.8,254,308,82.5,4176,1722,142,155,91.6,80,96,83.3,25,48,52.1,0,0.4,0.3,-0.4,5,15,4,0,26
119,Marc Cucurella,es ESP,DF,Chelsea,25,1998,19.8,1036,1196,86.6,15110,4408,595,645,92.2,383,430,89.1,32,65,49.2,2,1.1,1.2,+0.9,19,51,7,4,50
120,Josh Cullen,ie IRL,MF,Burnley,27,1996,22.9,1173,1373,85.4,18812,4917,617,667,92.5,466,521,89.4,69,127,54.3,3,1.8,2.3,+1.2,26,119,17,3,123
121,Matheus Cunha,br BRA,"FW,MF",Wolves,24,1999,27.1,658,831,79.2,8887,2308,411,476,86.3,182,229,79.5,32,57,56.1,7,3.2,3.0,+3.8,28,56,31,1,87
122,Sam Curtis,ie IRL,DF,Sheffield Utd,17,2005,0.3,6,10,60.0,98,37,3,4,75.0,3,3,100.0,0,2,0.0,0,0.0,0.0,0.0,0,0,0,0,1
123,Mahmoud Dahoud,de GER,MF,Brighton,27,1996,5.0,284,328,86.6,4011,886,169,176,96.0,84,99,84.8,16,25,64.0,1,0.9,0.4,+0.1,10,21,1,1,11
124,Ameen Al-Dakhil,be BEL,DF,Burnley,21,2002,11.7,537,637,84.3,9642,2939,208,220,94.5,280,321,87.2,42,77,54.5,0,0.1,0.6,-0.1,2,13,2,0,35
125,Diogo Dalot,pt POR,DF,Manchester Utd,24,1999,35.3,1486,1830,81.2,24927,8066,729,817,89.2,574,701,81.9,139,213,65.3,3,2.9,2.4,+0.1,37,107,31,16,124
126,Mikkel Damsgaard,dk DEN,MF,Brentford,23,2000,9.4,300,432,69.4,4940,1897,151,194,77.8,116,151,76.8,26,55,47.3,2,1.4,0.9,+0.6,10,50,11,1,61
127,Danilo,br BRA,MF,Nott'ham Forest,22,2001,19.9,589,758,77.7,10498,3239,255,297,85.9,247,286,86.4,70,123,56.9,2,1.5,0.7,+0.5,20,74,14,0,83
128,Arnaut Danjuma,nl NED,"MF,FW",Everton,26,1997,6.6,102,152,67.1,1420,357,57,69,82.6,37,54,68.5,2,7,28.6,0,1.1,0.4,-1.1,6,6,2,0,9
129,Jayden Danns,eng ENG,FW,Liverpool,17,2006,0.1,5,7,71.4,73,16,3,4,75.0,2,3,66.7,0,0,,0,0.0,0.0,0.0,0,0,1,0,1
130,Josh Dasilva,eng ENG,"DF,FW",Brentford,24,1998,0.3,10,19,52.6,153,59,5,7,71.4,5,7,71.4,0,2,0.0,0,0.2,0.2,-0.2,1,0,0,0,2
131,David Datro Fofana,ci CIV,FW,Burnley,20,2002,9.8,117,173,67.6,1574,343,67,94,71.3,36,49,73.5,5,6,83.3,1,1.8,0.3,-0.8,8,9,5,1,15
132,Ben Davies,wls WAL,DF,Tottenham,30,1993,12.1,766,850,90.1,13839,5258,303,324,93.5,388,413,93.9,60,81,74.1,0,0.4,0.6,-0.4,4,80,4,0,71
133,Tom Davies,eng ENG,MF,Sheffield Utd,25,1998,2.5,68,99,68.7,901,310,41,50,82.0,20,27,74.1,2,7,28.6,0,0.1,0.2,-0.1,1,6,1,0,8
134,Craig Dawson,eng ENG,DF,Wolves,33,1990,24.5,1104,1277,86.5,23417,8062,296,333,88.9,640,679,94.3,158,237,66.7,1,1.4,0.6,-0.4,9,52,2,0,49
135,Kevin De Bruyne,be BEL,MF,Manchester City,32,1991,13.6,732,971,75.4,11555,3364,426,481,88.6,223,293,76.1,66,134,49.3,10,11.5,7.1,-1.5,59,67,56,12,111
136,Hannes Delcroix,be BEL,DF,Burnley,24,1999,6.5,300,350,85.7,4932,1666,145,155,93.5,135,154,87.7,16,31,51.6,0,0.2,0.1,-0.2,4,24,3,2,18
137,Leander Dendoncker,be BEL,MF,Aston Villa,28,1995,1.3,45,56,80.4,744,139,24,28,85.7,19,22,86.4,2,4,50.0,0,0.0,0.0,0.0,0,1,0,0,3
138,Moussa Diaby,fr FRA,"FW,MF",Aston Villa,24,1999,24.2,485,619,78.4,6960,1348,280,329,85.1,170,215,79.1,17,32,53.1,8,6.6,4.5,+1.4,47,29,40,9,72
139,Amad Diallo,ci CIV,"FW,MF",Manchester Utd,21,2002,4.3,149,170,87.6,1931,279,105,115,91.3,32,37,86.5,4,5,80.0,1,1.1,0.5,-0.1,10,6,3,0,10
140,Amadou Diallo,eng ENG,MF,Newcastle Utd,20,2003,0.0,1,1,100.0,10,0,1,1,100.0,0,0,,0,0,,0,0.0,0.0,0.0,0,0,0,0,0
141,Rúben Dias,pt POR,DF,Manchester City,26,1997,28.4,2469,2635,93.7,42764,13568,1039,1076,96.6,1256,1306,96.2,146,204,71.6,0,0.3,1.9,-0.3,7,220,12,3,173
142,Luis Díaz,co COL,FW,Liverpool,26,1997,29.2,898,1075,83.5,13772,2931,527,584,90.2,274,320,85.6,68,91,74.7,5,5.7,4.7,-0.7,64,62,45,3,113
143,Eric Dier,eng ENG,DF,Tottenham,29,1994,2.2,125,141,88.7,2070,1037,52,57,91.2,69,72,95.8,3,10,30.0,0,0.0,0.0,0.0,0,3,0,0,3
144,Lucas Digne,fr FRA,DF,Aston Villa,30,1993,26.8,1015,1351,75.1,16244,5595,524,594,88.2,406,529,76.7,66,148,44.6,3,4.1,3.6,-1.1,37,49,34,15,77
145,Issa Diop,fr FRA,DF,Fulham,26,1997,15.8,950,1080,88.0,17646,6371,333,358,93.0,555,594,93.4,53,98,54.1,0,0.0,0.4,0.0,0,60,3,0,66
146,Axel Disasi,fr FRA,DF,Chelsea,25,1998,28.7,2031,2256,90.0,34081,11464,877,913,96.1,1050,1124,93.4,86,168,51.2,0,0.3,1.0,-0.3,3,115,8,1,112
147,Ben Doak,sct SCO,FW,Liverpool,17,2005,0.2,4,4,100.0,45,8,4,4,100.0,0,0,,0,0,,0,0.0,0.0,0.0,0,0,0,0,0
148,Lewis Dobbin,eng ENG,MF,Everton,20,2003,2.6,44,65,67.7,537,95,32,36,88.9,9,17,52.9,2,5,40.0,0,0.5,0.1,-0.5,4,0,3,1,3
149,Matt Doherty,ie IRL,"DF,MF",Wolves,31,1992,12.8,515,653,78.9,7798,2105,296,348,85.1,174,212,82.1,31,55,56.4,0,1.3,0.9,-1.3,12,22,7,1,31
150,Jeremy Doku,be BEL,"FW,MF",Manchester City,21,2002,17.7,693,852,81.3,9699,1538,452,507,89.2,198,254,78.0,26,33,78.8,8,4.6,5.9,+3.4,45,14,40,7,57
151,Nicolás Domínguez,ar ARG,"MF,FW",Nott'ham Forest,25,1998,16.6,714,843,84.7,10894,3223,380,424,89.6,254,298,85.2,45,61,73.8,2,1.0,1.3,+1.0,10,61,16,1,91
152,Jamie Donley,eng ENG,FW,Tottenham,18,2005,0.0,1,1,100.0,14,0,1,1,100.0,0,0,,0,0,,0,0.0,0.0,0.0,0,0,0,0,0
153,Abdoulaye Doucouré,ml MLI,"FW,MF",Everton,30,1993,29.2,683,893,76.5,9807,2329,381,453,84.1,239,288,83.0,28,59,47.5,1,2.9,1.5,-1.9,34,43,18,1,97
154,Cheick Doucouré,ml MLI,MF,Crystal Palace,23,2000,10.2,367,422,87.0,5725,1849,200,222,90.1,146,165,88.5,18,24,75.0,0,0.7,0.8,-0.7,10,39,5,0,49
155,Alfie Doughty,eng ENG,DF,Luton Town,23,1999,32.5,1121,1686,66.5,20956,8325,496,571,86.9,431,571,75.5,166,426,39.0,8,6.3,5.4,+1.7,70,71,43,24,106
156,Tommy Doyle,eng ENG,MF,Wolves,21,2001,13.6,801,955,83.9,15164,4208,309,331,93.4,361,399,90.5,106,178,59.6,0,0.4,0.9,-0.4,8,86,7,2,81
157,Radu Drăgușin,ro ROU,DF,Tottenham,21,2002,4.8,326,370,88.1,5633,1782,130,148,87.8,185,198,93.4,8,16,50.0,0,0.0,0.0,0.0,0,10,0,0,8
158,Martin Dúbravka,sk SVK,GK,Newcastle Utd,34,1989,22.1,519,651,79.7,11869,6941,133,135,98.5,273,278,98.2,109,232,47.0,0,0.1,0.0,-0.1,1,1,0,0,0
159,Paul Dummett,wls WAL,DF,Newcastle Utd,31,1991,0.2,21,23,91.3,320,76,10,10,100.0,11,12,91.7,0,1,0.0,0,0.0,0.0,0.0,0,2,0,0,1
160,Lewis Dunk,eng ENG,DF,Brighton,31,1991,31.9,2977,3233,92.1,50791,19478,1343,1382,97.2,1340,1417,94.6,216,340,63.5,1,0.9,2.2,+0.1,13,204,8,1,152
161,Jhon Durán,co COL,"FW,MF",Aston Villa,19,2003,5.3,83,121,68.6,1095,220,51,69,73.9,24,29,82.8,3,5,60.0,0,0.3,0.2,-0.3,4,6,1,0,9
162,George Earthy,eng ENG,FW,West Ham,18,2004,0.4,16,17,94.1,183,43,12,13,92.3,4,4,100.0,0,0,,0,0.0,0.0,0.0,0,0,0,0,1
163,Ederson,br BRA,GK,Manchester City,29,1993,30.9,1077,1234,87.3,25898,17578,275,276,99.6,560,570,98.2,239,381,62.7,0,0.1,0.1,-0.1,1,25,1,0,4
164,Odsonne Édouard,fr FRA,"FW,MF",Crystal Palace,25,1998,17.3,249,350,71.1,3106,704,164,207,79.2,61,80,76.3,7,11,63.6,0,1.2,1.1,-1.2,18,12,15,1,36
165,John Egan,ie IRL,DF,Sheffield Utd,30,1992,5.4,128,185,69.2,2449,988,38,49,77.6,79,92,85.9,9,38,23.7,0,0.0,0.0,0.0,0,5,1,0,5
166,Hjalmar Ekdal,se SWE,DF,Burnley,24,1998,4.9,191,217,88.0,3404,938,66,71,93.0,109,120,90.8,12,17,70.6,0,0.1,0.0,-0.1,1,8,0,0,11
167,Anthony Elanga,se SWE,"FW,MF",Nott'ham Forest,21,2002,27.0,498,712,69.9,6655,1569,313,391,80.1,143,211,67.8,15,28,53.6,9,6.7,4.0,+2.3,32,28,24,5,49
168,Harvey Elliott,eng ENG,"MF,FW",Liverpool,20,2003,15.0,825,986,83.7,13081,3101,457,496,92.1,278,323,86.1,66,105,62.9,6,3.5,4.6,+2.5,37,76,45,11,128
169,Mohamed Elneny,eg EGY,MF,Arsenal,31,1992,0.3,39,40,97.5,624,147,18,19,94.7,21,21,100.0,0,0,,0,0.0,0.0,0.0,0,2,0,0,1
170,Emerson,br BRA,DF,Tottenham,24,1999,12.9,937,1038,90.3,13652,3714,529,558,94.8,339,362,93.6,32,45,71.1,0,0.4,0.9,-0.4,3,42,7,2,57
171,Julio Enciso,py PAR,"MF,FW",Brighton,19,2004,5.3,132,178,74.2,1842,562,77,89,86.5,41,58,70.7,9,12,75.0,2,1.7,1.3,+0.3,9,12,4,2,21
172,Wataru Endo,jp JPN,MF,Liverpool,30,1993,19.1,1157,1315,88.0,17822,5048,631,684,92.3,466,516,90.3,45,63,71.4,0,1.7,1.5,-1.7,16,109,18,2,101
173,Christian Eriksen,dk DEN,MF,Manchester Utd,31,1992,12.7,648,805,80.5,10504,2702,340,384,88.5,229,277,82.7,55,98,56.1,2,2.3,2.3,-0.3,27,66,17,3,68
174,Maxime Estève,fr FRA,DF,Burnley,21,2002,14.5,690,821,84.0,11622,2998,308,343,89.8,336,371,90.6,36,79,45.6,0,0.0,0.2,0.0,1,41,0,0,40
175,Pervis Estupiñán,ec ECU,DF,Brighton,25,1998,13.8,809,962,84.1,11736,3617,480,524,91.6,270,313,86.3,32,64,50.0,3,3.5,2.3,-0.5,26,66,25,11,83
176,Jonny Evans,nir NIR,DF,Manchester Utd,35,1988,15.5,729,832,87.6,11952,3843,323,350,92.3,344,374,92.0,40,72,55.6,1,1.2,0.3,-0.2,6,29,3,0,37
177,Eberechi Eze,eng ENG,"MF,FW",Crystal Palace,25,1998,22.8,700,909,77.0,11150,3226,353,405,87.2,253,301,84.1,61,134,45.5,4,5.2,5.6,-1.2,54,48,45,7,93
178,Łukasz Fabiański,pl POL,GK,West Ham,38,1985,8.0,160,239,66.9,5259,3852,19,19,100.0,70,70,100.0,70,146,47.9,0,0.0,0.0,0.0,0,8,0,0,1
179,Romain Faivre,fr FRA,"MF,FW",Bournemouth,25,1998,0.5,19,26,73.1,251,114,9,12,75.0,7,7,100.0,1,3,33.3,0,0.0,0.0,0.0,0,2,1,0,5
180,Ansu Fati,es ESP,"MF,FW",Brighton,20,2002,5.8,178,210,84.8,2332,518,117,124,94.4,41,50,82.0,10,11,90.9,0,0.8,0.6,-0.8,6,14,7,0,28
181,Felipe,br BRA,DF,Nott'ham Forest,34,1989,4.2,183,215,85.1,3654,1412,61,70,87.1,97,105,92.4,21,33,63.6,0,0.1,0.0,-0.1,2,10,0,0,6
182,Evan Ferguson,ie IRL,FW,Brighton,18,2004,15.2,244,303,80.5,3028,349,156,180,86.7,54,63,85.7,11,15,73.3,0,0.5,0.8,-0.5,6,11,4,0,15
183,Bruno Fernandes,pt POR,"MF,FW",Manchester Utd,28,1994,34.6,1590,2179,73.0,28404,10273,766,876,87.4,532,698,76.2,229,432,53.0,8,11.8,10.2,-3.8,114,187,89,10,297
184,Enzo Fernández,ar ARG,MF,Chelsea,22,2001,24.5,1574,1862,84.5,28776,8415,674,742,90.8,661,744,88.8,196,273,71.8,2,3.4,3.7,-1.4,32,177,43,4,210
185,John Fleck,sct SCO,"MF,DF",Sheffield Utd,31,1991,1.0,29,40,72.5,408,88,21,27,77.8,7,9,77.8,1,2,50.0,0,0.4,0.3,-0.4,2,1,1,0,3
186,Mark Flekken,nl NED,GK,Brentford,30,1993,36.5,1131,1580,71.6,32732,22385,159,161,98.8,575,580,99.1,394,832,47.4,1,0.5,0.2,+0.5,4,37,1,0,5
187,Phil Foden,eng ENG,"FW,MF",Manchester City,23,2000,31.7,1511,1767,85.5,20347,3769,990,1053,94.0,388,449,86.4,68,135,50.4,8,8.4,6.9,-0.4,73,71,57,5,168
188,Wes Foderingham,eng ENG,GK,Sheffield Utd,32,1991,29.4,595,1054,56.5,19592,15704,101,102,99.0,240,250,96.0,254,691,36.8,0,0.1,0.1,-0.1,1,19,2,0,0
189,Pablo Fornals,es ESP,"MF,FW",West Ham,27,1996,4.7,162,210,77.1,2602,713,83,96,86.5,60,75,80.0,12,20,60.0,0,0.3,0.3,-0.3,5,19,6,1,29
190,Omari Forson,eng ENG,FW,Manchester Utd,19,2004,0.8,30,33,90.9,373,78,17,17,100.0,10,12,83.3,0,0,,1,0.2,0.0,+0.8,2,2,1,0,2
191,Lyle Foster,za RSA,"FW,MF",Burnley,22,2000,21.1,312,461,67.7,4471,835,197,268,73.5,91,124,73.4,14,20,70.0,3,1.9,1.3,+1.1,19,21,12,0,37
192,Matheus França,br BRA,"MF,FW",Crystal Palace,19,2004,2.6,51,79,64.6,910,256,20,29,69.0,24,29,82.8,5,13,38.5,1,0.9,0.5,+0.1,6,4,2,0,8
193,Nathan Fraser,ie IRL,FW,Wolves,18,2005,2.1,33,42,78.6,380,45,24,27,88.9,7,10,70.0,0,0,,0,0.1,0.1,-0.1,2,0,2,0,2
194,Cody Gakpo,nl NED,"FW,MF",Liverpool,24,1999,18.3,436,564,77.3,6130,1738,266,315,84.4,136,183,74.3,18,24,75.0,5,2.9,2.7,+2.1,25,43,32,5,83
195,Conor Gallagher,eng ENG,MF,Chelsea,23,2000,34.8,1801,2018,89.2,26732,5954,1054,1116,94.4,598,654,91.4,95,146,65.1,7,5.0,3.5,+2.0,52,135,32,4,172
196,Idrissa Gana Gueye,sn SEN,MF,Everton,33,1989,20.9,758,898,84.4,11688,3236,384,428,89.7,317,361,87.8,39,66,59.1,0,1.1,0.8,-1.1,15,70,9,1,83
197,Alejandro Garnacho,ar ARG,FW,Manchester Utd,19,2004,28.5,675,901,74.9,9269,1365,422,506,83.4,189,233,81.1,34,63,54.0,4,5.1,2.9,-1.1,46,26,22,4,62
198,James Garner,eng ENG,MF,Everton,22,2001,33.4,958,1244,77.0,16067,4432,464,536,86.6,374,437,85.6,90,185,48.6,2,4.6,3.7,-2.6,44,98,24,6,100
199,Saman Ghoddos,ir IRN,DF,Brentford,29,1993,8.2,325,448,72.5,5565,1748,164,187,87.7,131,167,78.4,27,78,34.6,0,1.1,1.0,-1.1,9,29,10,4,36
200,Morgan Gibbs-White,eng ENG,"MF,FW",Nott'ham Forest,23,2000,35.1,1045,1480,70.6,18412,6092,499,609,81.9,350,452,77.4,152,297,51.2,10,8.4,6.8,+1.6,74,114,39,13,170
201,Bryan Gil,es ESP,"FW,MF",Tottenham,22,2001,2.3,127,157,80.9,1809,344,69,81,85.2,54,62,87.1,1,2,50.0,0,0.2,0.3,-0.2,4,6,8,1,16
202,Alfie Gilchrist,eng ENG,DF,Chelsea,19,2003,2.3,121,141,85.8,1893,468,63,73,86.3,55,61,90.2,3,6,50.0,0,0.0,0.0,0.0,0,5,1,0,7
203,Billy Gilmour,sct SCO,MF,Brighton,22,2001,23.6,1915,2107,90.9,29399,7671,1049,1093,96.0,703,759,92.6,106,170,62.4,1,2.0,2.5,-1.0,22,183,33,3,193
204,Ben Godfrey,eng ENG,DF,Everton,25,1998,12.4,336,484,69.4,5725,2373,147,180,81.7,157,204,77.0,23,62,37.1,0,0.3,0.5,-0.3,3,32,6,2,43
205,André Gomes,pt POR,"MF,FW",Everton,30,1993,5.6,223,291,76.6,3909,971,112,132,84.8,80,95,84.2,27,51,52.9,0,0.4,0.5,-0.4,4,24,6,1,36
206,João Gomes,br BRA,MF,Wolves,22,2001,29.4,1051,1279,82.2,15291,4174,596,665,89.6,342,404,84.7,50,94,53.2,1,1.1,1.7,-0.1,20,73,23,5,101
207,Toti Gomes,pt POR,DF,Wolves,24,1999,30.8,1516,1847,82.1,23316,8336,782,859,91.0,631,748,84.4,60,153,39.2,3,1.2,0.6,+1.8,6,78,6,1,79
208,Joe Gomez,eng ENG,DF,Liverpool,26,1997,19.8,1114,1345,82.8,18984,5116,519,574,90.4,497,585,85.0,83,131,63.4,1,1.3,1.1,-0.3,22,83,20,7,100
209,Sergio Gómez,es ESP,"FW,MF",Manchester City,22,2000,0.6,46,54,85.2,636,97,29,31,93.5,15,17,88.2,1,2,50.0,1,0.2,0.2,+0.8,1,1,2,1,2
210,Enso Gonzalez,py PAR,"MF,DF",Wolves,18,2005,0.0,6,6,100.0,87,3,2,2,100.0,3,3,100.0,0,0,,0,0.0,0.0,0.0,0,0,0,0,0
211,Anthony Gordon,eng ENG,FW,Newcastle Utd,22,2001,32.1,803,1055,76.1,12020,3500,486,559,86.9,214,282,75.9,70,136,51.5,10,8.0,5.6,+2.0,57,54,39,12,101
212,Kaide Gordon,eng ENG,FW,Liverpool,18,2004,0.0,1,1,100.0,16,11,0,0,,1,1,100.0,0,0,,0,0.0,0.0,0.0,0,0,0,0,1
213,Daniel Gore,eng ENG,MF,Manchester Utd,18,2004,0.0,0,0,,0,0,0,0,,0,0,,0,0,,0,0.0,0.0,0.0,0,0,0,0,0
214,Ryan Gravenberch,nl NED,MF,Liverpool,21,2002,12.5,415,504,82.3,5520,1719,263,302,87.1,122,140,87.1,8,12,66.7,0,0.9,1.4,-0.9,16,35,27,0,78
215,Ivo Grbić,hr CRO,GK,Sheffield Utd,27,1996,8.6,148,298,49.7,5407,4505,23,23,100.0,48,54,88.9,76,217,35.0,0,0.0,0.0,0.0,0,1,0,0,0
216,Jack Grealish,eng ENG,"FW,MF",Manchester City,27,1995,11.2,499,580,86.0,7032,1069,302,329,91.8,156,174,89.7,23,32,71.9,1,2.5,2.8,-1.5,26,15,25,0,50
217,Pascal Groß,de GER,"MF,DF",Brighton,32,1991,34.6,2774,3223,86.1,42905,13360,1583,1674,94.6,914,1035,88.3,193,359,53.8,10,8.1,9.2,+1.9,103,242,73,27,302
218,Marc Guéhi,eng ENG,DF,Crystal Palace,23,2000,22.5,1138,1309,86.9,22770,7962,363,403,90.1,636,673,94.5,130,212,61.3,1,0.6,1.0,+0.4,7,90,5,0,67
219,Bruno Guimarães,br BRA,MF,Newcastle Utd,25,1997,36.3,1941,2313,83.9,33351,9336,915,1011,90.5,789,902,87.5,181,285,63.5,8,6.4,6.3,+1.6,62,184,70,5,283
220,Malo Gusto,fr FRA,DF,Chelsea,20,2003,19.5,1230,1423,86.4,17534,5080,761,829,91.8,394,454,86.8,48,73,65.8,6,4.3,3.3,+1.7,32,49,29,13,86
221,Joško Gvardiol,hr CRO,DF,Manchester City,21,2002,25.9,1671,1919,87.1,25207,6169,931,1010,92.2,618,695,88.9,77,107,72.0,1,1.4,2.1,-0.4,18,141,16,3,136
222,Erling Haaland,no NOR,FW,Manchester City,23,2000,28.4,295,388,76.0,3234,567,197,242,81.4,56,70,80.0,5,8,62.5,5,4.3,2.2,+0.7,29,16,11,0,26
223,Antwoine Hackford,eng ENG,FW,Sheffield Utd,19,2004,0.1,2,2,100.0,14,0,2,2,100.0,0,0,,0,0,,0,0.0,0.0,0.0,0,0,0,0,0
224,Lewis Hall,eng ENG,DF,Newcastle Utd,18,2004,8.7,452,552,81.9,7570,3083,229,248,92.3,186,220,84.5,33,61,54.1,0,0.3,0.7,-0.3,3,41,3,1,46
225,Gustavo Hamer,nl NED,MF,Sheffield Utd,26,1997,32.3,754,1102,68.4,12591,4875,371,449,82.6,266,346,76.9,80,222,36.0,6,6.1,4.6,-0.1,70,94,37,7,135
226,Luke Harris,wls WAL,MF,Fulham,18,2005,0.8,11,14,78.6,172,14,5,8,62.5,4,4,100.0,1,1,100.0,0,0.0,0.0,0.0,0,0,1,0,1
227,Jack Harrison,eng ENG,"MF,FW",Everton,26,1996,24.6,409,631,64.8,5825,2378,243,291,83.5,127,195,65.1,23,73,31.5,3,3.4,3.3,-0.4,28,37,34,11,62
228,Daiki Hashioka,jp JPN,DF,Luton Town,24,1999,6.6,227,282,80.5,3875,1580,101,108,93.5,107,126,84.9,16,34,47.1,0,0.7,0.3,-0.7,3,14,4,3,21
229,Kai Havertz,de GER,"MF,FW",Arsenal,24,1999,29.3,764,955,80.0,9583,2405,525,609,86.2,195,245,79.6,7,15,46.7,7,4.4,4.3,+2.6,46,65,29,1,99
230,Jan Paul van Hecke,nl NED,DF,Brighton,23,2000,26.3,2225,2415,92.1,38300,14722,939,991,94.8,1109,1181,93.9,136,186,73.1,0,0.9,1.1,-0.9,10,156,10,1,147
231,Hwang Hee-chan,kr KOR,"FW,MF",Wolves,27,1996,23.5,424,551,77.0,5661,1028,256,312,82.1,131,162,80.9,13,21,61.9,3,3.0,2.9,0.0,17,19,7,2,37
232,Dean Henderson,eng ENG,GK,Crystal Palace,26,1997,18.0,280,485,57.7,7596,5485,75,78,96.2,120,123,97.6,81,277,29.2,0,0.0,0.0,0.0,0,9,1,0,0
233,Rico Henry,eng ENG,DF,Brentford,26,1997,4.5,147,183,80.3,2291,763,82,94,87.2,51,61,83.6,11,19,57.9,1,1.0,0.8,0.0,4,10,7,2,20
234,Son Heung-min,kr KOR,FW,Tottenham,31,1992,32.6,887,1075,82.5,12123,2822,531,609,87.2,297,338,87.9,23,38,60.5,10,11.8,8.3,-1.8,68,40,65,2,139
235,Aaron Hickey,sct SCO,DF,Brentford,21,2002,7.9,243,277,87.7,3813,894,134,140,95.7,92,106,86.8,14,20,70.0,0,0.1,0.1,-0.1,1,10,2,0,21
236,James Hill,eng ENG,DF,Bournemouth,21,2002,0.8,28,42,66.7,542,243,13,16,81.3,8,13,61.5,5,10,50.0,0,0.0,0.0,0.0,0,6,0,0,5
237,Jack Hinshelwood,eng ENG,DF,Brighton,18,2005,9.7,418,498,83.9,5999,1172,233,267,87.3,156,175,89.1,9,22,40.9,0,0.7,0.4,-0.7,8,24,5,1,19
238,Mason Holgate,eng ENG,DF,Sheffield Utd,26,1996,7.9,138,211,65.4,2552,1215,65,83,78.3,52,78,66.7,19,44,43.2,0,0.4,0.2,-0.4,1,17,2,2,13
239,Callum Hudson-Odoi,eng ENG,"FW,MF",Nott'ham Forest,22,2000,20.6,574,736,78.0,9036,1826,325,359,90.5,187,251,74.5,46,83,55.4,1,2.8,2.5,-1.8,36,20,32,8,58
240,Will Hughes,eng ENG,MF,Crystal Palace,28,1995,21.0,731,878,83.3,10742,3108,389,436,89.2,281,317,88.6,27,62,43.5,1,1.1,1.8,-0.1,21,71,16,2,76
241,Pierre Højbjerg,dk DEN,MF,Tottenham,27,1995,14.6,1234,1415,87.2,20132,7286,652,718,90.8,440,480,91.7,100,142,70.4,0,1.2,1.5,-1.2,9,160,12,1,134
242,Rasmus Højlund,dk DEN,FW,Manchester Utd,20,2003,24.0,304,402,75.6,3552,884,199,247,80.6,58,77,75.3,11,12,91.7,2,1.6,0.9,+0.4,28,14,14,1,33
243,Igor,br BRA,DF,Brighton,25,1998,18.2,1398,1497,93.4,21855,7143,714,742,96.2,615,640,96.1,49,68,72.1,0,0.7,0.5,-0.7,7,123,2,0,107
244,Danny Ings,eng ENG,FW,West Ham,31,1992,4.5,76,107,71.0,854,170,40,50,80.0,19,24,79.2,1,8,12.5,0,0.3,0.3,-0.3,5,2,3,0,8
245,Tim Iroegbunam,eng ENG,MF,Aston Villa,20,2003,1.8,51,55,92.7,704,229,30,31,96.8,19,20,95.0,0,0,,0,0.0,0.0,0.0,0,1,0,0,1
246,Alexander Isak,se SWE,FW,Newcastle Utd,23,1999,25.1,385,493,78.1,5446,1167,237,280,84.6,117,142,82.4,15,22,68.2,2,3.7,2.8,-1.7,27,28,21,0,71
247,Alex Iwobi,ng NGA,MF,Everton,27,1996,1.6,27,42,64.3,545,179,13,14,92.9,7,10,70.0,7,15,46.7,0,0.2,0.4,-0.2,4,1,3,1,4
248,Alex Iwobi,ng NGA,"FW,MF",Fulham,27,1996,24.4,821,1051,78.1,13556,4268,400,451,88.7,325,403,80.6,66,118,55.9,2,4.7,4.0,-2.7,49,84,46,8,147
249,Nicolas Jackson,sn SEN,FW,Chelsea,22,2001,31.1,515,666,77.3,6528,1537,323,386,83.7,126,164,76.8,20,27,74.1,5,4.3,2.9,+0.7,38,40,21,0,67
250,Reece James,eng ENG,DF,Chelsea,23,1999,4.7,275,341,80.6,4433,1383,144,163,88.3,104,130,80.0,19,34,55.9,2,1.7,1.6,+0.3,11,21,6,3,21
251,Vitaly Janelt,de GER,"MF,DF",Brentford,25,1998,33.9,1088,1398,77.8,17534,5211,579,666,86.9,394,496,79.4,84,156,53.8,3,4.8,3.7,-1.8,37,107,32,15,123
252,Daniel Jebbison,eng ENG,FW,Sheffield Utd,19,2003,0.2,1,3,33.3,9,0,1,1,100.0,0,0,,0,0,,0,0.0,0.0,0.0,0,0,0,0,0
253,Mathias Jensen,dk DEN,MF,Brentford,27,1996,24.5,875,1202,72.8,17423,6338,362,423,85.6,337,439,76.8,152,268,56.7,3,4.0,4.8,-1.0,41,88,41,11,123
254,Gabriel Jesus,br BRA,FW,Arsenal,26,1997,16.4,403,513,78.6,5315,971,259,306,84.6,111,140,79.3,10,16,62.5,5,3.8,3.2,+1.2,29,18,19,1,42
255,Raúl Jiménez,mx MEX,FW,Fulham,32,1991,15.5,262,382,68.6,3408,717,162,201,80.6,54,90,60.0,17,33,51.5,0,1.5,1.0,-1.5,11,23,11,2,24
256,João Pedro,br BRA,"FW,MF",Brighton,21,2001,22.7,659,818,80.6,8706,1876,425,483,88.0,178,217,82.0,24,43,55.8,3,3.8,4.7,-0.8,37,43,44,4,92
257,Joelinton,br BRA,"MF,FW",Newcastle Utd,26,1996,14.2,524,627,83.6,7295,1898,312,350,89.1,166,191,86.9,19,25,76.0,1,2.8,1.1,-1.8,23,38,9,0,56
258,Ryan John Giles,eng ENG,"DF,MF",Luton Town,23,2000,5.6,140,218,64.2,2294,949,74,85,87.1,56,85,65.9,9,39,23.1,0,0.2,0.6,-0.2,5,10,10,6,17
259,Ben Johnson,eng ENG,"DF,FW",West Ham,23,2000,6.0,246,334,73.7,3816,1465,141,156,90.4,88,121,72.7,14,33,42.4,0,0.0,0.1,0.0,0,18,1,0,22
260,Brennan Johnson,wls WAL,FW,Tottenham,22,2001,23.2,519,728,71.3,7315,1778,333,405,82.2,158,217,72.8,15,45,33.3,10,8.1,4.5,+1.9,45,32,39,10,72
261,Brennan Johnson,wls WAL,"FW,MF",Nott'ham Forest,22,2001,2.6,47,61,77.0,671,143,25,29,86.2,17,22,77.3,2,2,100.0,0,0.2,0.0,-0.2,1,2,0,0,1
262,Joseph Johnson,eng ENG,DF,Luton Town,17,2006,0.9,30,36,83.3,646,228,9,9,100.0,16,17,94.1,5,9,55.6,0,0.0,0.0,0.0,0,1,0,0,2
263,Sam Johnstone,eng ENG,GK,Crystal Palace,30,1993,20.0,343,599,57.3,11568,8793,45,46,97.8,143,147,97.3,155,401,38.7,0,0.0,0.0,0.0,0,13,0,0,0
264,Curtis Jones,eng ENG,MF,Liverpool,22,2001,13.0,707,776,91.1,10366,2136,405,428,94.6,257,278,92.4,22,30,73.3,1,0.7,1.1,+0.3,11,64,14,1,74
265,Jorginho,it ITA,MF,Arsenal,31,1991,10.2,699,785,89.0,11386,3439,360,380,94.7,280,310,90.3,45,59,76.3,2,1.4,2.1,+0.6,10,81,25,1,101
266,Diogo Jota,pt POR,FW,Liverpool,26,1996,12.7,287,394,72.8,3995,939,185,227,81.5,83,104,79.8,11,17,64.7,3,3.3,1.7,-0.3,22,18,12,0,34
267,Mads Juel Andersen,dk DEN,DF,Luton Town,25,1997,4.4,87,117,74.4,1570,766,41,47,87.2,37,48,77.1,9,19,47.4,0,0.0,0.0,0.0,0,7,0,0,7
268,Hamed Junior Traorè,ci CIV,MF,Bournemouth,23,2000,0.5,18,27,66.7,244,59,10,11,90.9,6,8,75.0,1,3,33.3,0,0.0,0.0,0.0,1,3,0,0,3
269,Mathias Jørgensen,dk DEN,DF,Brentford,33,1990,12.1,446,593,75.2,7338,3528,227,262,86.6,186,238,78.2,27,62,43.5,0,0.9,0.5,-0.9,7,52,9,1,50
270,Issa Kaboré,bf BFA,DF,Luton Town,22,2001,19.2,533,759,70.2,8402,3289,277,324,85.5,203,287,70.7,35,78,44.9,2,2.1,1.9,-0.1,16,30,18,13,54
271,Sasa Kalajdzic,at AUT,FW,Wolves,26,1997,1.8,38,60,63.3,507,130,22,33,66.7,10,16,62.5,2,5,40.0,0,1.0,0.3,-1.0,4,1,2,0,5
272,Boubacar Kamara,fr FRA,MF,Aston Villa,23,1999,18.4,922,1035,89.1,14037,3978,521,560,93.0,319,344,92.7,56,82,68.3,1,1.3,1.4,-0.3,20,107,12,0,83
273,Willy Kambwala,fr FRA,DF,Manchester Utd,18,2004,3.7,163,192,84.9,2765,960,74,78,94.9,85,95,89.5,3,14,21.4,0,0.0,0.0,0.0,0,7,0,0,8
274,Thomas Kaminski,be BEL,GK,Luton Town,30,1992,37.8,869,1468,59.2,27614,22188,173,175,98.9,329,344,95.6,362,937,38.6,0,0.0,0.1,0.0,1,44,2,0,1
275,Loris Karius,de GER,GK,Newcastle Utd,30,1993,1.0,21,37,56.8,507,279,4,4,100.0,14,14,100.0,3,18,16.7,0,0.0,0.0,0.0,0,0,0,0,0
276,Michael Keane,eng ENG,DF,Everton,30,1993,4.9,171,221,77.4,3519,1261,47,60,78.3,98,113,86.7,23,42,54.8,0,0.0,0.1,0.0,0,15,0,0,14
277,Thilo Kehrer,de GER,"DF,MF",West Ham,26,1996,0.2,9,9,100.0,86,36,7,7,100.0,1,1,100.0,0,0,,0,0.0,0.0,0.0,0,0,0,0,1
278,Caoimhín Kelleher,ie IRL,GK,Liverpool,24,1998,10.0,359,442,81.2,8077,5323,101,101,100.0,196,198,99.0,62,140,44.3,0,0.0,0.0,0.0,1,9,0,0,1
279,Lloyd Kelly,eng ENG,DF,Bournemouth,24,1998,17.3,673,906,74.3,13526,4407,234,277,84.5,341,400,85.3,90,191,47.1,1,1.2,0.8,-0.2,9,76,7,4,56
280,Omari Kellyman,eng ENG,FW,Aston Villa,17,2005,0.4,6,7,85.7,78,11,4,5,80.0,2,2,100.0,0,0,,0,0.0,0.0,0.0,0,2,0,0,0
281,Milos Kerkez,hu HUN,DF,Bournemouth,19,2003,21.9,613,844,72.6,9811,3390,322,375,85.9,237,333,71.2,43,94,45.7,1,0.8,1.0,+0.2,12,34,14,9,44
282,Kaine Kesler-Hayden,eng ENG,"MF,DF",Aston Villa,20,2002,0.1,0,0,,0,0,0,0,,0,0,,0,0,,0,0.0,0.0,0.0,0,0,0,0,0
283,Max Kilman,eng ENG,DF,Wolves,26,1997,38.0,1979,2309,85.7,36846,13119,766,824,93.0,1008,1087,92.7,183,346,52.9,0,1.4,1.1,-1.4,17,109,11,1,117
284,Jakub Kiwior,pl POL,DF,Arsenal,23,2000,10.5,523,625,83.7,8555,3042,270,303,89.1,214,249,85.9,34,58,58.6,3,0.9,0.6,+2.1,6,43,8,3,55
285,Justin Kluivert,nl NED,"MF,FW",Bournemouth,24,1999,21.3,288,421,68.4,4393,1193,147,194,75.8,104,137,75.9,18,32,56.3,1,1.9,1.6,-0.9,21,10,24,2,50
286,Luca Koleosho,it ITA,"MF,FW",Burnley,18,2004,10.8,192,274,70.1,2509,475,126,153,82.4,56,79,70.9,2,9,22.2,1,1.3,1.1,-0.3,11,9,6,2,19
287,Ibrahima Konaté,fr FRA,DF,Liverpool,24,1999,17.5,1286,1463,87.9,22733,9043,514,566,90.8,673,718,93.7,81,140,57.9,0,0.4,0.5,-0.4,8,145,8,0,118
288,Ezri Konsa,eng ENG,DF,Aston Villa,25,1997,34.1,1907,2094,91.1,31947,10672,827,878,94.2,959,1029,93.2,95,129,73.6,0,0.5,1.0,-0.5,8,132,14,2,136
289,Cheikhou Kouyaté,sn SEN,MF,Nott'ham Forest,33,1989,2.4,47,74,63.5,604,159,32,43,74.4,11,19,57.9,1,2,50.0,0,0.0,0.0,0.0,1,3,0,0,5
290,Mateo Kovačić,hr CRO,MF,Manchester City,29,1994,17.2,1435,1527,94.0,20506,4603,835,862,96.9,514,544,94.5,41,57,71.9,0,1.6,1.9,-1.6,21,120,15,0,100
291,Emil Krafth,se SWE,DF,Newcastle Utd,28,1994,10.1,488,580,84.1,7498,2971,246,275,89.5,216,236,91.5,15,39,38.5,0,1.0,0.8,-1.0,9,26,13,7,29
292,Mohammed Kudus,gh GHA,"FW,MF",West Ham,22,2000,27.6,677,875,77.4,11263,1764,357,405,88.1,231,281,82.2,70,108,64.8,6,3.5,3.7,+2.5,28,32,29,16,80
293,Dejan Kulusevski,se SWE,"FW,MF",Tottenham,23,2000,30.7,953,1234,77.2,13509,3584,610,700,87.1,279,363,76.9,39,72,54.2,3,7.7,6.7,-4.7,66,55,73,19,144
294,Adam Lallana,eng ENG,"MF,FW",Brighton,35,1988,9.4,451,509,88.6,4936,1088,326,352,92.6,78,90,86.7,7,8,87.5,1,1.7,2.0,-0.7,15,21,16,1,39
295,Tariq Lamptey,gh GHA,"DF,FW",Brighton,22,2000,10.2,379,454,83.5,5485,916,217,242,89.7,135,163,82.8,13,22,59.1,3,1.2,0.8,+1.8,10,6,12,6,17
296,Aymeric Laporte,es ESP,DF,Manchester City,29,1994,0.1,11,11,100.0,202,48,4,4,100.0,7,7,100.0,0,0,,0,0.0,0.0,0.0,0,0,0,0,0
297,Yasser Larouci,dz ALG,DF,Sheffield Utd,22,2001,5.9,131,185,70.8,1969,714,76,89,85.4,45,59,76.3,6,17,35.3,0,0.3,0.1,-0.3,2,11,0,0,14
298,Jamaal Lascelles,eng ENG,DF,Newcastle Utd,29,1993,12.0,669,774,86.4,11616,3694,252,275,91.6,383,421,91.0,29,61,47.5,0,0.1,0.1,-0.1,2,38,1,0,31
299,Roméo Lavia,be BEL,MF,Chelsea,19,2004,0.4,22,27,81.5,350,51,9,10,90.0,13,14,92.9,0,1,0.0,0,0.0,0.0,0.0,0,4,0,0,1
300,Mario Lemina,ga GAB,MF,Wolves,29,1993,33.0,1261,1470,85.8,20364,5341,654,718,91.1,485,550,88.2,92,146,63.0,1,1.5,1.3,-0.5,20,65,8,3,76
301,Clément Lenglet,fr FRA,DF,Aston Villa,28,1995,12.8,822,918,89.5,15524,5173,302,319,94.7,431,457,94.3,82,127,64.6,1,0.8,0.5,+0.2,2,34,3,0,51
302,Bernd Leno,de GER,GK,Fulham,31,1992,38.0,1250,1577,79.3,29886,18166,266,268,99.3,746,750,99.5,235,551,42.6,0,0.0,0.0,0.0,0,23,0,0,0
303,Jefferson Lerma,co COL,"MF,DF",Crystal Palace,28,1994,26.7,1018,1250,81.4,15825,5095,554,625,88.6,371,448,82.8,65,114,57.0,1,2.2,2.0,-1.2,24,109,20,3,106
304,Rico Lewis,eng ENG,"DF,MF",Manchester City,18,2004,9.0,518,568,91.2,7100,1127,339,351,96.6,159,170,93.5,12,20,60.0,0,1.1,1.2,-1.1,13,29,9,0,33
305,Keane Lewis-Potter,eng ENG,"FW,DF",Brentford,22,2001,16.0,289,415,69.6,4218,969,169,206,82.0,89,119,74.8,19,56,33.9,1,1.7,2.0,-0.7,13,11,14,4,32
306,Victor Lindelöf,se SWE,DF,Manchester Utd,29,1994,14.8,826,927,89.1,13195,3696,398,435,91.5,355,385,92.2,48,70,68.6,1,0.3,0.4,+0.7,8,62,3,0,40
307,Valentino Livramento,eng ENG,DF,Newcastle Utd,20,2002,14.6,689,802,85.9,10004,2947,421,457,92.1,223,257,86.8,27,53,50.9,0,0.8,0.8,-0.8,12,58,16,3,61
308,Giovani Lo Celso,ar ARG,MF,Tottenham,27,1996,5.6,449,503,89.3,6799,2073,244,260,93.8,153,165,92.7,33,45,73.3,2,1.9,1.9,+0.1,18,44,14,3,68
309,Tom Lockyer,wls WAL,DF,Luton Town,28,1994,13.0,301,422,71.3,6628,3120,81,104,77.9,158,189,83.6,57,113,50.4,1,0.6,0.3,+0.4,3,37,4,0,37
310,Sean Longstaff,eng ENG,MF,Newcastle Utd,25,1997,30.5,991,1241,79.9,15314,4980,551,636,86.6,351,430,81.6,62,99,62.6,2,2.3,3.0,-0.3,20,82,26,4,145
311,Max Lowe,eng ENG,"DF,MF",Sheffield Utd,26,1997,5.6,84,130,64.6,1242,436,53,71,74.6,25,42,59.5,6,12,50.0,0,0.7,0.1,-0.7,2,6,3,0,12
312,Douglas Luiz,br BRA,MF,Aston Villa,25,1998,33.3,1800,2101,85.7,31199,7807,812,871,93.2,775,870,89.1,167,276,60.5,5,5.4,5.3,-0.4,53,137,39,8,168
313,Saša Lukić,rs SRB,MF,Fulham,26,1996,12.5,428,496,86.3,6753,1796,204,229,89.1,193,210,91.9,20,29,69.0,0,0.8,0.5,-0.8,11,31,5,0,43
314,Ian Maatsen,nl NED,"FW,MF",Chelsea,21,2002,2.3,97,138,70.3,1316,400,60,73,82.2,26,46,56.5,4,8,50.0,0,0.1,0.2,-0.1,2,6,2,1,8
315,Alexis Mac Allister,ar ARG,MF,Liverpool,24,1998,28.9,1704,1967,86.6,26565,7659,884,970,91.1,656,722,90.9,100,161,62.1,5,3.6,4.9,+1.4,47,162,41,2,209
316,James Maddison,eng ENG,MF,Tottenham,26,1996,23.7,1210,1500,80.7,19513,6251,631,684,92.3,457,557,82.0,94,180,52.2,9,5.9,6.3,+3.1,67,130,59,3,224
317,Noni Madueke,eng ENG,FW,Chelsea,21,2002,11.7,412,486,84.8,5511,1281,268,294,91.2,115,136,84.6,13,20,65.0,2,2.6,2.0,-0.6,20,23,13,2,52
318,Gabriel Magalhães,br BRA,DF,Arsenal,25,1997,33.8,1914,2157,88.7,32123,10388,841,885,95.0,942,1013,93.0,108,199,54.3,0,0.7,0.7,-0.7,3,143,9,1,117
319,Harry Maguire,eng ENG,DF,Manchester Utd,30,1993,18.4,917,1103,83.1,16999,6419,382,423,90.3,412,472,87.3,102,176,58.0,2,1.2,0.9,+0.8,6,78,6,0,73
320,Kobbie Mainoo,eng ENG,MF,Manchester Utd,18,2005,21.4,748,868,86.2,10519,2654,439,486,90.3,237,266,89.1,31,51,60.8,1,0.7,1.6,+0.3,15,47,9,1,64
321,Orel Mangala,be BEL,MF,Nott'ham Forest,25,1998,17.4,570,646,88.2,9021,2312,292,321,91.0,225,247,91.1,37,47,78.7,0,0.2,0.3,-0.2,6,39,1,0,45
322,Benson Manuel,ao ANG,"MF,FW",Burnley,26,1997,1.3,48,59,81.4,693,153,27,27,100.0,16,22,72.7,3,4,75.0,0,0.0,0.2,0.0,1,2,3,2,2
323,Solly March,eng ENG,"FW,DF",Brighton,29,1994,6.2,203,261,77.8,3145,899,118,139,84.9,62,78,79.5,17,27,63.0,1,1.0,1.0,0.0,7,10,7,0,24
324,Anthony Martial,fr FRA,FW,Manchester Utd,27,1995,5.0,109,139,78.4,1267,263,70,80,87.5,25,33,75.8,1,2,50.0,0,0.2,0.2,-0.2,6,6,2,0,12
325,Gabriel Martinelli,br BRA,FW,Arsenal,22,2001,22.4,724,929,77.9,11003,2008,424,490,86.5,237,292,81.2,47,85,55.3,4,6.1,5.2,-2.1,46,22,33,7,65
326,Emiliano Martínez,ar ARG,GK,Aston Villa,30,1992,33.5,1190,1436,82.9,28047,16368,248,250,99.2,715,722,99.0,223,452,49.3,0,0.0,0.0,0.0,2,21,0,0,2
327,Lisandro Martínez,ar ARG,DF,Manchester Utd,25,1998,7.2,411,446,92.2,6870,2103,186,192,96.9,192,202,95.0,26,41,63.4,1,0.1,0.1,+0.9,3,29,1,0,28
328,Han-Noah Massengo,fr FRA,"MF,DF",Burnley,22,2001,0.2,6,12,50.0,74,42,5,7,71.4,1,4,25.0,0,0,,0,0.0,0.0,0.0,0,1,0,0,0
329,Pape Matar Sarr,sn SEN,MF,Tottenham,20,2002,23.0,1179,1349,87.4,17118,4177,662,718,92.2,402,453,88.7,52,77,67.5,3,2.2,2.1,+0.8,20,108,23,4,150
330,Jean-Philippe Mateta,fr FRA,FW,Crystal Palace,26,1997,25.4,309,433,71.4,4043,785,195,245,79.6,75,112,67.0,13,14,92.9,5,3.1,1.3,+1.9,32,11,14,4,25
331,Joël Matip,cm CMR,DF,Liverpool,31,1991,8.7,494,564,87.6,8687,3066,198,216,91.7,257,287,89.5,33,47,70.2,0,0.1,0.1,-0.1,2,27,2,0,34
332,Alex Matos,eng ENG,MF,Chelsea,18,2004,0.0,0,0,,0,0,0,0,,0,0,,0,0,,0,0.0,0.0,0.0,0,0,0,0,0
333,Remi Matthews,eng ENG,GK,Crystal Palace,29,1994,0.0,0,5,0.0,0,0,0,0,,0,0,,0,5,0.0,0,0.0,0.0,0.0,0,0,0,0,0
334,Neal Maupay,fr FRA,FW,Brentford,26,1996,14.7,282,392,71.9,4002,913,172,208,82.7,66,97,68.0,23,32,71.9,3,2.3,2.2,+0.7,15,17,17,2,37
335,Neal Maupay,fr FRA,FW,Everton,26,1996,1.2,22,26,84.6,353,14,12,13,92.3,8,9,88.9,1,1,100.0,0,0.1,0.0,-0.1,1,0,0,0,0
336,Konstantinos Mavropanos,gr GRE,DF,West Ham,25,1997,16.7,482,635,75.9,9625,3911,155,179,86.6,266,303,87.8,53,131,40.5,0,0.2,0.1,-0.2,3,29,1,0,38
337,Bryan Mbeumo,cm CMR,FW,Brentford,23,1999,21.8,511,765,66.8,7853,2424,299,373,80.2,144,220,65.5,48,91,52.7,6,4.6,5.6,+1.4,32,32,36,4,88
338,James Mcatee,eng ENG,"MF,FW",Sheffield Utd,20,2002,20.2,362,530,68.3,5320,1456,209,263,79.5,113,168,67.3,25,56,44.6,3,2.9,2.1,+0.1,28,30,25,3,51
339,James Mcatee,eng ENG,MF,Manchester City,20,2002,0.0,0,0,,0,0,0,0,,0,0,,0,0,,0,0.0,0.0,0.0,0,0,0,0,0
340,Oliver McBurnie,sct SCO,FW,Sheffield Utd,27,1996,14.2,242,408,59.3,2917,746,163,256,63.7,57,97,58.8,4,7,57.1,3,2.0,2.0,+1.0,12,27,5,1,30
341,James McConnell,eng ENG,MF,Liverpool,18,2004,0.0,5,6,83.3,93,29,2,2,100.0,3,3,100.0,0,0,,0,0.0,0.0,0.0,0,0,0,0,1
342,John McGinn,sct SCO,"MF,FW",Aston Villa,28,1994,33.3,972,1223,79.5,17953,5844,434,489,88.8,396,462,85.7,130,217,59.9,4,4.6,4.9,-0.6,44,124,52,14,189
343,Scott McKenna,sct SCO,DF,Nott'ham Forest,26,1996,4.6,137,186,73.7,2769,1280,38,48,79.2,82,109,75.2,17,28,60.7,0,0.2,0.2,-0.2,3,10,3,0,10
344,Dwight McNeil,eng ENG,"MF,FW",Everton,23,1999,32.1,874,1266,69.0,14956,5035,465,534,87.1,263,371,70.9,116,252,46.0,6,8.8,8.2,-2.8,69,72,54,20,114
345,Scott McTominay,sct SCO,"MF,FW",Manchester Utd,26,1996,21.1,528,655,80.6,7877,2012,307,356,86.2,174,206,84.5,30,41,73.2,1,0.8,0.5,+0.2,11,63,9,0,64
346,Ben Mee,eng ENG,DF,Brentford,33,1989,14.1,511,667,76.6,9030,3658,218,249,87.6,235,285,82.5,49,103,47.6,0,0.3,0.7,-0.3,6,45,4,2,49
347,Hannibal Mejbri,tn TUN,"MF,FW",Manchester Utd,20,2003,1.5,31,38,81.6,442,143,21,21,100.0,7,9,77.8,3,6,50.0,0,0.4,0.5,-0.4,2,6,1,0,6
348,Teden Mengi,eng ENG,DF,Luton Town,21,2002,27.4,728,938,77.6,14286,5525,256,296,86.5,378,431,87.7,82,177,46.3,0,0.3,0.6,-0.3,6,62,5,0,54
349,Chris Mepham,wls WAL,DF,Bournemouth,25,1997,6.9,296,359,82.5,5965,1994,96,115,83.5,163,184,88.6,35,55,63.6,1,0.4,0.5,+0.6,3,34,4,0,25
350,Lewis Miley,eng ENG,MF,Newcastle Utd,17,2006,13.4,441,535,82.4,6580,1615,255,296,86.1,143,165,86.7,24,40,60.0,3,1.7,1.4,+1.3,12,26,12,2,53
351,James Milner,eng ENG,"DF,MF",Brighton,37,1986,8.6,492,585,84.1,7622,2496,269,297,90.6,181,210,86.2,27,46,58.7,2,1.8,1.7,+0.2,16,46,17,6,69
352,Tyrone Mings,eng ENG,DF,Aston Villa,30,1993,0.3,5,5,100.0,119,86,0,0,,2,2,100.0,2,2,100.0,0,0.0,0.2,0.0,1,1,0,0,0
353,Tyrick Mitchell,eng ENG,"DF,MF",Crystal Palace,23,1999,35.6,1177,1627,72.3,18588,7927,605,718,84.3,486,654,74.3,63,142,44.4,3,2.8,2.4,+0.2,24,74,29,12,94
354,Kaoru Mitoma,jp JPN,FW,Brighton,26,1997,16.5,509,650,78.3,6210,1486,357,413,86.4,110,153,71.9,9,24,37.5,4,2.7,3.6,+1.3,25,23,34,5,64
355,Aleksandar Mitrović,rs SRB,FW,Fulham,28,1994,0.4,4,8,50.0,78,24,1,3,33.3,2,4,50.0,1,1,100.0,0,0.0,0.0,0.0,0,1,1,0,1
356,Jakub Moder,pl POL,"MF,DF",Brighton,24,1999,6.9,243,304,79.9,3263,908,150,165,90.9,75,94,79.8,5,14,35.7,0,0.8,0.8,-0.8,4,15,3,0,23
357,Gonzalo Montiel,ar ARG,DF,Nott'ham Forest,26,1997,8.9,292,386,75.6,4600,1986,155,172,90.1,112,154,72.7,16,38,42.1,2,1.4,0.9,+0.6,9,22,9,1,28
358,Kieffer Moore,wls WAL,"FW,MF",Bournemouth,30,1992,1.2,28,42,66.7,272,91,22,29,75.9,4,8,50.0,0,0,,0,0.2,0.3,-0.2,2,2,2,0,4
359,Mikey Moore,eng ENG,MF,Tottenham,15,2007,0.0,4,5,80.0,51,11,3,4,75.0,1,1,100.0,0,0,,0,0.0,0.0,0.0,0,0,0,0,1
360,Álex Moreno,es ESP,DF,Aston Villa,30,1993,11.5,428,542,79.0,6466,1602,235,264,89.0,171,210,81.4,17,30,56.7,0,1.1,1.0,-1.1,11,10,13,2,24
361,Carlton Morris,eng ENG,"FW,MF",Luton Town,27,1995,31.8,484,751,64.4,6404,1199,310,415,74.7,132,209,63.2,18,34,52.9,4,2.8,1.6,+1.2,22,27,11,0,56
362,Mason Mount,eng ENG,"MF,FW",Manchester Utd,24,1999,5.7,179,219,81.7,2414,735,111,125,88.8,42,53,79.2,10,17,58.8,0,0.3,0.4,-0.3,6,17,6,2,21
363,Divin Mubama,eng ENG,FW,West Ham,18,2004,0.9,16,22,72.7,200,15,12,16,75.0,2,3,66.7,1,1,100.0,0,0.0,0.0,0.0,0,0,0,0,0
364,Mykhailo Mudryk,ua UKR,FW,Chelsea,22,2001,17.5,385,566,68.0,5618,1853,237,300,79.0,96,148,64.9,30,66,45.5,2,4.1,3.2,-2.1,32,24,22,4,45
365,Rodrigo Muniz,br BRA,FW,Fulham,22,2001,17.7,136,222,61.3,2018,532,74,113,65.5,39,64,60.9,12,16,75.0,1,2.0,0.9,-1.0,18,14,7,0,19
366,Daniel Muñoz,co COL,"DF,MF",Crystal Palace,27,1996,16.0,561,720,77.9,7556,2865,365,417,87.5,164,228,71.9,14,35,40.0,4,2.4,1.3,+1.6,21,25,4,0,38
367,Finley Munroe,eng ENG,MF,Aston Villa,18,2005,0.0,1,1,100.0,16,0,0,0,,1,1,100.0,0,0,,0,0.0,0.0,0.0,0,0,0,0,0
368,Arijanet Muric,xk KVX,GK,Burnley,24,1998,10.0,404,585,69.1,11273,8376,67,68,98.5,196,207,94.7,140,302,46.4,0,0.2,0.1,-0.2,4,16,1,0,1
369,Murillo,br BRA,DF,Nott'ham Forest,21,2002,31.0,1123,1460,76.9,22984,10571,387,440,88.0,572,657,87.1,154,326,47.2,2,1.2,0.6,+0.8,7,101,11,0,89
370,Alex Murphy,ie IRL,"DF,FW",Newcastle Utd,19,2004,0.1,17,17,100.0,275,81,10,10,100.0,5,5,100.0,2,2,100.0,0,0.0,0.0,0.0,0,2,0,0,1
371,Jacob Murphy,eng ENG,"FW,DF",Newcastle Utd,28,1995,13.2,343,519,66.1,5229,2012,200,244,82.0,117,175,66.9,19,61,31.1,7,5.0,3.4,+2.0,31,32,30,8,52
372,Vitaliy Mykolenko,ua UKR,DF,Everton,24,1999,27.4,869,1166,74.5,13579,5739,488,549,88.9,275,368,74.7,81,169,47.9,0,0.9,1.1,-0.9,13,46,17,10,55
373,Marvelous Nakamba,zw ZIM,MF,Luton Town,29,1994,12.6,356,423,84.2,5622,1605,184,203,90.6,126,143,88.1,27,42,64.3,0,0.4,0.5,-0.4,7,27,2,1,36
374,Michael Ndiweni,eng ENG,FW,Newcastle Utd,19,2003,0.0,1,2,50.0,16,15,0,0,,1,1,100.0,0,0,,0,0.0,0.0,0.0,0,0,0,0,0
375,Reiss Nelson,eng ENG,FW,Arsenal,23,1999,3.0,127,144,88.2,1674,298,80,83,96.4,31,36,86.1,6,12,50.0,0,0.6,0.4,-0.6,5,1,6,2,5
376,Zack Nelson,eng ENG,"MF,DF",Luton Town,18,2004,0.1,4,4,100.0,41,0,2,2,100.0,1,1,100.0,0,0,,0,0.0,0.0,0.0,0,0,0,0,0
377,Neto,br BRA,GK,Bournemouth,34,1989,32.0,692,1060,65.3,20318,15023,95,97,97.9,360,371,97.0,236,585,40.3,0,0.0,0.0,0.0,0,23,0,0,0
378,Pedro Neto,pt POR,"FW,MF",Wolves,23,2000,16.8,538,722,74.5,8269,1984,308,354,87.0,154,210,73.3,49,98,50.0,9,4.4,3.7,+4.6,38,23,29,12,54
379,Moussa Niakhate,sn SEN,DF,Nott'ham Forest,27,1996,16.2,617,774,79.7,11418,4223,237,252,94.0,309,380,81.3,66,123,53.7,0,0.1,0.3,-0.1,3,30,5,1,39
380,Eddie Nketiah,eng ENG,FW,Arsenal,24,1999,12.0,168,215,78.1,2332,267,98,118,83.1,60,72,83.3,3,4,75.0,2,0.8,0.7,+1.2,9,7,5,0,20
381,Christopher Nkunku,fr FRA,"FW,MF",Chelsea,25,1997,4.9,159,183,86.9,2048,567,101,109,92.7,39,43,90.7,4,10,40.0,0,0.2,0.5,-0.2,3,14,7,0,19
382,Rhys Norrington-Davies,wls WAL,DF,Sheffield Utd,24,1999,1.2,48,67,71.6,811,222,23,25,92.0,23,31,74.2,2,7,28.6,0,0.0,0.0,0.0,1,1,0,0,2
383,Oliver Norwood,nir NIR,MF,Sheffield Utd,32,1991,16.0,634,911,69.6,12291,4646,246,296,83.1,262,321,81.6,105,253,41.5,0,0.6,1.2,-0.6,17,67,11,2,73
384,Matheus Nunes,pt POR,MF,Wolves,24,1998,2.0,87,106,82.1,1077,279,59,68,86.8,23,26,88.5,2,6,33.3,0,0.1,0.2,-0.1,3,6,1,0,8
385,Matheus Nunes,pt POR,MF,Manchester City,24,1998,7.3,373,443,84.2,5054,783,233,255,91.4,115,133,86.5,11,23,47.8,2,1.1,1.5,+0.9,9,23,16,2,34
386,Darwin Núñez,uy URU,FW,Liverpool,24,1999,22.7,341,493,69.2,4780,1020,196,251,78.1,101,147,68.7,22,37,59.5,8,6.0,4.5,+2.0,33,23,26,0,54
387,Ethan Nwaneri,eng ENG,FW,Arsenal,16,2007,0.2,15,18,83.3,209,56,10,13,76.9,5,5,100.0,0,0,,0,0.0,0.0,0.0,1,1,2,0,2
388,Christian Nørgaard,dk DEN,MF,Brentford,29,1994,27.8,1199,1501,79.9,19114,6144,639,725,88.1,458,559,81.9,78,146,53.4,1,1.9,2.4,-0.9,24,113,26,4,161
389,Mark O'Mahony,ie IRL,FW,Brighton,18,2005,0.7,13,16,81.3,162,2,7,8,87.5,5,6,83.3,0,0,,0,0.0,0.0,0.0,0,0,0,0,0
390,Dara O'Shea,ie IRL,DF,Burnley,24,1999,32.1,1393,1759,79.2,27584,10235,459,551,83.3,752,854,88.1,168,304,55.3,4,2.0,1.0,+2.0,13,139,6,3,122
391,Michael Obafemi,ie IRL,"FW,MF",Burnley,23,2000,0.2,4,5,80.0,55,2,3,3,100.0,1,1,100.0,0,0,,0,0.0,0.0,0.0,0,0,0,0,0
392,Wilson Odobert,fr FRA,"MF,FW",Burnley,18,2004,23.3,446,584,76.4,6236,1559,285,330,86.4,134,173,77.5,16,31,51.6,2,3.3,3.6,-1.3,31,34,19,5,58
393,Odeluga Offiah,eng ENG,DF,Brighton,20,2002,1.4,63,80,78.8,851,196,39,41,95.1,21,24,87.5,2,7,28.6,0,0.0,0.0,0.0,0,1,1,0,4
394,Chiedozie Ogbene,ie IRL,"MF,DF",Luton Town,26,1997,22.2,589,790,74.6,8171,2314,365,409,89.2,175,234,74.8,22,57,38.6,1,3.1,3.5,-2.1,25,24,18,5,53
395,Angelo Ogbonna,it ITA,DF,West Ham,35,1988,7.1,171,214,79.9,3291,1109,60,67,89.6,94,104,90.4,14,38,36.8,0,0.0,0.1,0.0,0,6,0,0,4
396,Michael Olakigbe,eng ENG,"DF,FW",Brentford,19,2004,0.7,27,40,67.5,347,74,17,20,85.0,7,10,70.0,1,5,20.0,0,0.0,0.0,0.0,0,2,1,0,4
397,Michael Olise,fr FRA,"FW,MF",Crystal Palace,21,2001,14.2,540,721,74.9,8557,2634,300,339,88.5,154,195,79.0,55,116,47.4,6,5.8,5.0,+0.2,36,43,34,3,78
398,Robin Olsen,se SWE,GK,Aston Villa,33,1990,4.5,165,203,81.3,3545,2046,49,49,100.0,89,90,98.9,26,63,41.3,0,0.0,0.0,0.0,0,1,0,0,0
399,Andrew Omobamidele,ie IRL,DF,Nott'ham Forest,21,2002,8.7,271,310,87.4,5197,1449,78,91,85.7,174,189,92.1,16,25,64.0,0,0.1,0.0,-0.1,2,9,0,0,8
400,Amadou Onana,be BEL,MF,Everton,21,2001,23.2,871,1036,84.1,14568,4039,444,499,89.0,312,357,87.4,85,115,73.9,0,2.7,1.4,-2.7,18,102,14,1,107
401,André Onana,cm CMR,GK,Manchester Utd,27,1996,38.0,1105,1521,72.6,27115,18646,279,280,99.6,547,559,97.9,267,661,40.4,0,0.1,0.1,-0.1,3,35,3,0,5
402,Ryan One,sct SCO,FW,Sheffield Utd,17,2006,0.1,1,1,100.0,7,0,1,1,100.0,0,0,,0,0,,0,0.0,0.0,0.0,0,0,0,0,0
403,Tyler Onyango,eng ENG,MF,Everton,20,2003,0.0,0,0,,0,0,0,0,,0,0,,0,0,,0,0.0,0.0,0.0,0,0,0,0,0
404,Fred Onyedinma,eng ENG,"DF,MF",Luton Town,26,1996,4.5,91,135,67.4,1431,352,45,58,77.6,42,61,68.9,2,7,28.6,0,0.1,0.1,-0.1,2,4,2,1,6
405,Frank Onyeka,ng NGA,MF,Brentford,25,1998,12.9,299,396,75.5,4662,1127,159,181,87.8,114,152,75.0,18,35,51.4,2,1.8,1.4,+0.2,12,23,11,5,33
406,Divock Origi,be BEL,FW,Nott'ham Forest,28,1995,6.7,92,144,63.9,1357,327,59,82,72.0,19,32,59.4,9,13,69.2,1,2.1,0.8,-1.1,7,7,5,1,14
407,Stefan Ortega,de GER,GK,Manchester City,30,1992,7.1,213,266,80.1,4942,3526,58,58,100.0,108,110,98.2,46,96,47.9,0,0.0,0.0,0.0,0,2,0,0,0
408,Ben Osborn,eng ENG,"DF,MF",Sheffield Utd,28,1994,15.2,448,608,73.7,7007,2650,253,281,90.0,145,194,74.7,35,90,38.9,2,0.9,0.9,+1.1,13,34,11,8,55
409,Gabriel Osho,ng NGA,DF,Luton Town,24,1998,20.5,580,706,82.2,10931,4019,195,222,87.8,342,384,89.1,41,87,47.1,0,0.1,0.2,-0.1,2,30,3,1,37
410,William Osula,dk DEN,FW,Sheffield Utd,19,2003,8.7,49,93,52.7,592,88,33,56,58.9,8,20,40.0,2,5,40.0,0,0.1,0.2,-0.1,1,3,2,1,2
411,Dango Ouattara,bf BFA,"FW,DF",Bournemouth,21,2002,13.7,371,558,66.5,5941,1943,190,255,74.5,147,201,73.1,25,57,43.9,2,1.5,1.4,+0.5,17,25,11,5,35
412,David Ozoh,eng ENG,"MF,DF",Crystal Palace,18,2005,1.7,48,51,94.1,695,112,21,22,95.5,25,25,100.0,0,0,,0,0.0,0.0,0.0,0,3,0,0,4
413,João Palhinha,pt POR,MF,Fulham,28,1995,30.0,1098,1333,82.4,19131,5348,522,586,89.1,449,503,89.3,101,163,62.0,1,0.8,1.0,+0.2,13,96,7,1,97
414,Cole Palmer,eng ENG,"FW,MF",Chelsea,21,2002,29.0,1121,1415,79.2,18622,5642,574,636,90.3,407,479,85.0,101,186,54.3,11,11.1,8.7,-0.1,72,136,69,5,197
415,Cole Palmer,eng ENG,MF,Manchester City,21,2002,0.1,4,5,80.0,51,0,2,2,100.0,2,3,66.7,0,0,,0,0.0,0.0,0.0,0,0,0,0,0
416,Emerson Palmieri,it ITA,DF,West Ham,28,1994,34.9,1421,1745,81.4,19356,7676,893,983,90.8,406,510,79.6,54,104,51.9,2,2.4,2.1,-0.4,25,89,22,7,125
417,Lucas Paquetá,br BRA,"FW,MF",West Ham,25,1997,29.1,1082,1465,73.9,16561,5842,598,714,83.8,334,435,76.8,95,173,54.9,6,5.4,5.1,+0.6,43,143,50,8,187
418,Ben Parkinson,eng ENG,FW,Newcastle Utd,18,2005,0.3,1,3,33.3,15,0,0,1,0.0,1,2,50.0,0,0,,0,0.0,0.0,0.0,0,0,0,0,0
419,Thomas Partey,gh GHA,"MF,DF",Arsenal,30,1993,8.8,570,636,89.6,9177,2564,298,321,92.8,224,243,92.2,37,54,68.5,0,0.3,0.6,-0.3,6,61,14,2,72
420,Nathan Patterson,sct SCO,DF,Everton,21,2001,11.2,393,550,71.5,6185,2761,219,252,86.9,124,182,68.1,38,86,44.2,2,1.7,1.0,+0.3,8,30,14,6,38
421,Myles Peart-Harris,eng ENG,"DF,MF",Brentford,20,2002,0.1,6,10,60.0,68,10,5,5,100.0,1,2,50.0,0,2,0.0,0,0.0,0.0,0.0,1,1,0,0,1
422,Sydie Peck,eng ENG,MF,Sheffield Utd,18,2004,0.1,1,1,100.0,10,0,1,1,100.0,0,0,,0,0,,0,0.0,0.0,0.0,0,0,0,0,0
423,Facundo Pellistri,uy URU,"FW,MF",Manchester Utd,21,2001,1.9,60,79,75.9,675,146,47,53,88.7,11,17,64.7,0,0,,1,0.1,0.4,+0.9,1,4,2,0,6
424,Andreas Pereira,br BRA,MF,Fulham,27,1996,29.0,912,1295,70.4,16256,5305,436,500,87.2,309,400,77.3,133,289,46.0,7,7.1,5.7,-0.1,84,95,34,11,138
425,Ivan Perišić,hr CRO,FW,Tottenham,34,1989,1.1,53,76,69.7,828,363,31,39,79.5,14,22,63.6,7,13,53.8,1,0.9,0.7,+0.1,5,4,6,2,9
426,Đorđe Petrović,rs SRB,GK,Chelsea,23,1999,22.1,635,806,78.8,14560,8862,188,188,100.0,321,324,99.1,123,289,42.6,0,0.0,0.0,0.0,0,3,0,0,1
427,Kalvin Phillips,eng ENG,MF,West Ham,27,1995,3.4,141,179,78.8,2507,567,62,74,83.8,64,77,83.1,12,20,60.0,0,0.0,0.0,0.0,0,24,0,0,19
428,Kalvin Phillips,eng ENG,MF,Manchester City,27,1995,1.0,62,70,88.6,1067,300,31,32,96.9,24,26,92.3,7,10,70.0,0,0.0,0.1,0.0,0,8,1,1,7
429,Jaden Philogene Bidace,eng ENG,FW,Aston Villa,21,2002,0.0,3,4,75.0,27,5,3,3,100.0,0,0,,0,0,,0,0.0,0.0,0.0,0,0,0,0,0
430,Jordan Pickford,eng ENG,GK,Everton,29,1994,38.0,986,1576,62.6,33034,26388,144,145,99.3,378,390,96.9,461,1031,44.7,0,0.1,0.4,-0.1,4,97,8,0,6
431,Ethan Pinnock,jm JAM,DF,Brentford,30,1993,28.0,1192,1432,83.2,22546,7516,399,466,85.6,672,739,90.9,98,178,55.1,0,1.0,0.8,-1.0,4,76,5,0,61
432,Nick Pope,eng ENG,GK,Newcastle Utd,31,1992,14.9,307,399,76.9,7910,4836,59,60,98.3,168,172,97.7,79,165,47.9,0,0.0,0.0,0.0,0,5,0,0,0
433,Pedro Porro,es ESP,DF,Tottenham,23,1999,34.3,1806,2369,76.2,27440,10519,1057,1171,90.3,579,745,77.7,121,297,40.7,7,7.2,6.0,-0.2,51,135,48,10,194
434,Jarell Quansah,eng ENG,DF,Liverpool,20,2003,13.2,1038,1172,88.6,18672,6199,368,392,93.9,595,633,94.0,61,115,53.0,0,0.1,0.2,-0.1,3,69,1,0,67
435,Ionuț Radu,ro ROU,GK,Bournemouth,26,1997,2.0,56,68,82.4,1211,583,19,19,100.0,29,30,96.7,8,19,42.1,0,0.0,0.0,0.0,0,0,0,0,0
436,Jesurun Rak Sakyi,eng ENG,"MF,FW",Crystal Palace,20,2002,1.5,37,50,74.0,535,79,24,28,85.7,11,16,68.8,2,3,66.7,0,0.2,0.1,-0.2,2,2,0,0,2
437,Aaron Ramsdale,eng ENG,GK,Arsenal,25,1998,6.0,131,188,69.7,3303,2420,38,38,100.0,61,62,98.4,32,86,37.2,0,0.0,0.0,0.0,0,4,0,0,2
438,Aaron Ramsey,eng ENG,"MF,FW",Burnley,20,2003,5.9,118,151,78.1,1856,224,71,84,84.5,37,46,80.4,9,10,90.0,0,0.4,0.5,-0.4,1,7,2,0,8
439,Jacob Ramsey,eng ENG,"FW,MF",Aston Villa,22,2001,9.5,257,322,79.8,3751,863,143,173,82.7,97,115,84.3,9,12,75.0,1,1.0,1.4,0.0,10,22,5,0,28
440,Marcus Rashford,eng ENG,FW,Manchester Utd,25,1997,25.2,559,742,75.3,7674,2035,351,418,84.0,139,192,72.4,33,61,54.1,2,2.3,2.8,-0.3,23,34,30,1,65
441,David Raya,es ESP,GK,Arsenal,27,1995,32.0,800,1068,74.9,19691,14108,228,231,98.7,387,391,99.0,183,439,41.7,0,0.0,0.1,0.0,0,30,0,0,2
442,Tim Ream,us USA,DF,Fulham,35,1987,16.7,944,1060,89.1,18892,6949,308,333,92.5,515,559,92.1,110,143,76.9,0,0.0,0.1,0.0,0,78,1,0,65
443,Nathan Redmond,eng ENG,"FW,MF",Burnley,29,1994,1.6,48,73,65.8,723,137,30,36,83.3,11,19,57.9,4,9,44.4,0,0.3,0.4,-0.3,3,3,4,1,8
444,Harrison Reed,eng ENG,MF,Fulham,28,1995,14.7,627,748,83.8,9667,2279,306,341,89.7,263,298,88.3,33,51,64.7,2,1.1,1.5,+0.9,14,40,15,2,56
445,Sergio Reguilón,es ESP,DF,Manchester Utd,26,1996,4.6,244,314,77.7,3669,1356,137,157,87.3,84,111,75.7,16,26,61.5,0,0.7,0.6,-0.7,8,20,4,2,27
446,Sergio Reguilón,es ESP,DF,Brentford,26,1996,12.4,351,522,67.2,6057,2626,161,194,83.0,147,201,73.1,34,82,41.5,4,2.8,2.2,+1.2,20,17,17,13,38
447,Bobby Reid,jm JAM,FW,Fulham,30,1993,15.8,364,487,74.7,5129,1431,211,240,87.9,112,157,71.3,17,37,45.9,2,1.8,1.2,+0.2,17,25,17,5,47
448,Gio Reyna,us USA,"FW,MF",Nott'ham Forest,20,2002,2.6,118,140,84.3,1768,374,69,74,93.2,40,45,88.9,7,13,53.8,1,0.5,0.4,+0.5,7,5,2,0,12
449,Rodrigo Ribeiro,pt POR,"MF,FW",Nott'ham Forest,18,2005,0.2,6,8,75.0,89,35,2,4,50.0,3,3,100.0,0,0,,0,0.0,0.0,0.0,0,1,0,0,2
450,Declan Rice,eng ENG,MF,Arsenal,24,1999,35.8,2041,2295,88.9,34242,9378,958,1031,92.9,910,975,93.3,137,210,65.2,8,5.3,4.8,+2.7,47,240,39,2,278
451,Chris Richards,us USA,"DF,MF",Crystal Palace,23,2000,23.3,778,942,82.6,13337,4341,362,413,87.7,341,389,87.7,58,100,58.0,1,0.4,0.2,+0.6,6,41,2,0,43
452,Richarlison,br BRA,FW,Tottenham,26,1997,16.6,267,392,68.1,3761,956,153,193,79.3,85,119,71.4,10,15,66.7,4,2.1,1.4,+1.9,15,21,13,1,38
453,Jaïro Riedewald,nl NED,"MF,FW",Crystal Palace,26,1996,2.6,87,113,77.0,1422,331,37,42,88.1,40,46,87.0,5,13,38.5,0,0.0,0.1,0.0,0,5,2,0,10
454,Matt Ritchie,sct SCO,"FW,MF",Newcastle Utd,33,1989,1.4,70,93,75.3,959,234,45,53,84.9,22,26,84.6,2,9,22.2,0,0.0,0.1,0.0,0,5,3,0,8
455,Connor Roberts,wls WAL,DF,Burnley,27,1995,9.1,395,495,79.8,6987,2370,162,182,89.0,194,222,87.4,34,67,50.7,1,0.2,0.4,+0.8,7,32,8,2,38
456,Andrew Robertson,sct SCO,DF,Liverpool,29,1994,18.8,1248,1547,80.7,21306,7231,609,654,93.1,495,587,84.3,122,239,51.0,2,5.4,4.4,-3.4,62,118,26,12,140
457,Antonee Robinson,us USA,DF,Fulham,25,1997,36.3,1514,2054,73.7,27304,9830,664,796,83.4,643,813,79.1,176,324,54.3,6,4.2,3.7,+1.8,33,113,46,26,129
458,Jack Robinson,eng ENG,DF,Sheffield Utd,29,1993,32.1,894,1254,71.3,17460,7680,318,364,87.4,452,554,81.6,113,286,39.5,1,1.2,1.0,-0.2,12,66,7,4,63
459,Rodri,es ESP,MF,Manchester City,27,1996,32.6,3365,3656,92.0,57256,15766,1676,1774,94.5,1273,1360,93.6,340,401,84.8,9,3.9,6.1,+5.1,49,378,61,0,376
460,Jay Rodriguez,eng ENG,FW,Burnley,34,1989,9.1,142,216,65.7,1958,396,89,119,74.8,36,52,69.2,9,27,33.3,1,0.2,0.1,+0.8,4,16,2,0,17
461,Mads Roerslev,dk DEN,DF,Brentford,24,1999,22.1,496,742,66.8,8448,2978,238,301,79.1,202,297,68.0,47,93,50.5,2,1.8,1.4,+0.2,15,32,23,21,43
462,Morgan Rogers,eng ENG,"MF,FW",Aston Villa,21,2002,7.1,147,195,75.4,2253,847,77,99,77.8,50,60,83.3,12,14,85.7,1,0.6,0.4,+0.4,9,16,12,0,28
463,Cristian Romero,ar ARG,DF,Tottenham,25,1998,31.0,2390,2606,91.7,41458,16198,966,1035,93.3,1279,1341,95.4,111,158,70.3,0,0.4,1.5,-0.4,7,189,14,0,179
464,Joe Rothwell,eng ENG,MF,Bournemouth,28,1995,4.3,179,216,82.9,3185,863,65,68,95.6,100,108,92.6,10,30,33.3,0,0.2,0.2,-0.2,4,20,1,0,20
465,Pelly Ruddock Mpanzu,cd COD,MF,Luton Town,30,1993,12.2,268,364,73.6,4413,1102,123,141,87.2,110,143,76.9,16,36,44.4,0,0.4,1.4,-0.4,6,17,13,2,34
466,José Sá,pt POR,GK,Wolves,30,1993,33.7,720,1097,65.6,17257,11201,186,190,97.9,360,369,97.6,162,522,31.0,1,0.0,0.0,+1.0,1,8,0,0,1
467,Dominic Sadi,eng ENG,FW,Bournemouth,19,2003,0.0,0,1,0.0,0,0,0,1,0.0,0,0,,0,0,,0,0.0,0.0,0.0,0,0,0,0,0
468,Bukayo Saka,eng ENG,FW,Arsenal,21,2001,32.4,1143,1512,75.6,16891,4402,705,793,88.9,331,427,77.5,80,183,43.7,9,10.5,11.0,-1.5,91,39,73,12,126
469,Mohamed Salah,eg EGY,FW,Liverpool,31,1992,28.2,737,1010,73.0,10826,3213,433,510,84.9,234,331,70.7,43,65,66.2,10,11.8,7.5,-1.8,66,56,68,6,147
470,William Saliba,fr FRA,DF,Arsenal,22,2001,38.0,2635,2851,92.4,43599,15948,1202,1274,94.3,1298,1373,94.5,104,150,69.3,1,0.2,0.9,+0.8,6,175,6,1,157
471,Albert Sambi Lokonga,be BEL,MF,Luton Town,23,1999,14.5,669,766,87.3,11099,3318,319,348,91.7,253,285,88.8,55,76,72.4,3,1.4,0.8,+1.6,9,68,6,1,72
472,Davinson Sánchez,co COL,DF,Tottenham,27,1996,0.9,68,75,90.7,1045,377,37,38,97.4,27,29,93.1,3,6,50.0,0,0.0,0.0,0.0,0,13,0,0,2
473,Robert Sánchez,es ESP,GK,Chelsea,25,1997,15.9,500,609,82.1,11860,7720,135,136,99.3,250,257,97.3,112,211,53.1,0,0.0,0.0,0.0,0,8,0,0,1
474,Jadon Sancho,eng ENG,"FW,MF",Manchester Utd,23,2000,0.9,34,43,79.1,446,116,22,25,88.0,10,14,71.4,1,1,100.0,0,0.1,0.1,-0.1,1,2,2,0,4
475,Ibrahim Sangaré,ci CIV,MF,Nott'ham Forest,25,1997,11.5,339,425,79.8,5477,1680,181,207,87.4,115,136,84.6,32,50,64.0,0,0.4,0.4,-0.4,7,34,5,0,44
476,Andrey Santos,br BRA,MF,Nott'ham Forest,19,2004,0.1,6,6,100.0,90,31,4,4,100.0,2,2,100.0,0,0,,0,0.0,0.0,0.0,0,1,0,0,0
477,Pablo Sarabia,es ESP,"MF,FW",Wolves,31,1992,19.4,684,976,70.1,11034,3731,377,439,85.9,195,263,74.1,73,168,43.5,7,5.9,4.9,+1.1,51,59,40,6,109
478,Dane Scarlett,eng ENG,FW,Tottenham,19,2004,0.2,2,3,66.7,25,16,1,1,100.0,1,2,50.0,0,0,,0,0.0,0.0,0.0,0,1,0,0,1
479,Kevin Schade,de GER,"FW,MF",Brentford,21,2001,3.7,58,95,61.1,819,220,36,49,73.5,19,32,59.4,2,4,50.0,1,0.7,0.7,+0.3,4,8,3,2,9
480,Fabian Schär,ch SUI,DF,Newcastle Utd,31,1991,33.9,1762,2128,82.8,36227,14874,588,647,90.9,894,985,90.8,261,437,59.7,1,0.7,1.4,+0.3,10,145,18,3,133
481,Jeffrey Schlupp,gh GHA,"FW,MF",Crystal Palace,30,1992,15.0,247,334,74.0,3498,903,146,182,80.2,88,106,83.0,7,25,28.0,2,2.3,1.4,-0.3,19,17,9,2,33
482,Alex Scott,eng ENG,MF,Bournemouth,19,2003,11.3,361,474,76.2,5733,1583,186,227,81.9,138,161,85.7,25,60,41.7,1,1.7,1.1,-0.7,22,22,15,2,50
483,Matz Sels,be BEL,GK,Nott'ham Forest,31,1992,16.0,263,378,69.6,7675,5788,66,66,100.0,103,105,98.1,91,202,45.0,0,0.1,0.1,-0.1,1,14,3,0,0
484,Nélson Semedo,pt POR,"DF,MF",Wolves,29,1993,34.3,1474,1849,79.7,21759,7306,876,969,90.4,495,616,80.4,69,158,43.7,1,1.7,1.8,-0.7,24,101,25,10,138
485,Antoine Semenyo,gh GHA,FW,Bournemouth,23,2000,23.4,452,647,69.9,6944,1597,254,324,78.4,160,214,74.8,25,49,51.0,2,3.2,2.3,-1.2,29,28,28,7,64
486,Marcos Senesi,ar ARG,DF,Bournemouth,26,1997,24.9,1005,1297,77.5,21763,9395,307,340,90.3,511,570,89.6,181,345,52.5,5,1.7,2.5,+3.3,22,156,31,11,127
487,Luke Shaw,eng ENG,DF,Manchester Utd,28,1995,10.7,531,648,81.9,8242,3114,273,306,89.2,201,237,84.8,31,65,47.7,0,1.0,0.9,-1.0,13,33,7,0,45
488,James Shea,eng ENG,GK,Luton Town,32,1991,0.2,6,9,66.7,239,215,0,0,,3,3,100.0,3,6,50.0,0,0.0,0.0,0.0,0,1,0,0,0
489,Bernardo Silva,pt POR,"MF,FW",Manchester City,28,1994,28.6,1671,1936,86.3,25138,5246,993,1052,94.4,534,620,86.1,106,158,67.1,9,7.6,8.0,+1.4,64,100,49,10,177
490,Fábio Silva,pt POR,FW,Wolves,21,2002,2.9,61,76,80.3,779,174,37,43,86.0,16,18,88.9,1,4,25.0,0,0.2,0.1,-0.2,4,7,0,0,10
491,Thiago Silva,br BRA,DF,Chelsea,38,1984,28.1,2166,2287,94.7,38542,15513,887,918,96.6,1119,1157,96.7,143,186,76.9,1,1.0,0.6,0.0,9,125,10,1,102
492,Luis Sinisterra,co COL,"FW,MF",Bournemouth,24,1999,7.8,226,292,77.4,3223,747,145,169,85.8,57,66,86.4,13,20,65.0,2,2.4,1.1,-0.4,20,9,16,1,38
493,Oliver Skipp,eng ENG,"MF,DF",Tottenham,22,2000,7.9,351,383,91.6,5258,1454,199,210,94.8,123,131,93.9,19,24,79.2,0,0.6,0.5,-0.6,7,37,3,0,37
494,Adam Smith,eng ENG,DF,Bournemouth,32,1991,23.9,782,1025,76.3,12722,5225,397,443,89.6,325,401,81.0,51,141,36.2,2,1.3,1.7,+0.7,17,58,23,17,89
495,Emile Smith Rowe,eng ENG,MF,Arsenal,23,2000,3.9,188,213,88.3,2449,496,128,143,89.5,54,57,94.7,1,4,25.0,1,0.2,0.4,+0.8,4,13,11,0,23
496,Cédric Soares,pt POR,DF,Arsenal,31,1991,0.7,60,69,87.0,905,157,39,41,95.1,15,17,88.2,5,8,62.5,0,0.0,0.0,0.0,0,4,0,0,3
497,Dominic Solanke,eng ENG,FW,Bournemouth,25,1997,36.9,400,544,73.5,5026,1387,262,315,83.2,93,127,73.2,11,18,61.1,3,3.0,2.0,0.0,39,32,24,3,60
498,Manor Solomon,il ISR,FW,Tottenham,24,1999,2.2,78,90,86.7,1105,196,45,48,93.8,28,35,80.0,3,4,75.0,2,0.8,0.8,+1.2,12,3,7,1,11
499,Tomáš Souček,cz CZE,MF,West Ham,28,1995,31.9,722,962,75.1,11368,3594,364,450,80.9,272,346,78.6,54,86,62.8,2,1.7,1.2,+0.3,20,80,8,2,86
500,Vinicius Souza,br BRA,MF,Sheffield Utd,24,1999,29.6,790,994,79.5,12856,3441,382,438,87.2,333,394,84.5,50,89,56.2,0,0.2,0.5,-0.2,4,60,5,1,66
501,Jason Steele,eng ENG,GK,Brighton,32,1990,17.0,570,673,84.7,12217,8275,185,186,99.5,265,270,98.1,111,206,53.9,0,0.0,0.0,0.0,0,3,0,0,0
502,Raheem Sterling,eng ENG,"FW,MF",Chelsea,28,1994,22.0,538,728,73.9,7091,1775,363,428,84.8,135,191,70.7,18,33,54.5,4,4.5,4.3,-0.5,30,31,35,7,78
503,John Stones,eng ENG,"DF,MF",Manchester City,29,1994,11.8,781,839,93.1,12375,2872,402,426,94.4,322,335,96.1,41,54,75.9,0,0.2,0.4,-0.2,6,53,1,0,57
504,Thomas Strakosha,al ALB,GK,Brentford,28,1995,1.5,52,71,73.2,1509,977,6,6,100.0,27,28,96.4,19,37,51.4,0,0.0,0.0,0.0,0,1,0,0,0
505,Dominik Szoboszlai,hu HUN,MF,Liverpool,22,2000,23.4,1280,1550,82.6,20367,4929,694,777,89.3,441,507,87.0,98,169,58.0,2,5.8,5.1,-3.8,56,98,33,6,152
506,Matt Targett,eng ENG,DF,Newcastle Utd,27,1995,0.9,36,41,87.8,657,188,13,13,100.0,17,18,94.4,6,9,66.7,0,0.0,0.0,0.0,1,2,0,0,2
507,James Tarkowski,eng ENG,DF,Everton,30,1992,38.0,1195,1550,77.1,25219,10527,396,474,83.5,588,683,86.1,196,335,58.5,1,2.5,2.7,-1.5,22,127,23,3,130
508,Jimi Tauriainen,eng ENG,FW,Chelsea,19,2004,0.0,0,0,,0,0,0,0,,0,0,,0,0,,0,0.0,0.0,0.0,0,0,0,0,0
509,Nuno Tavares,pt POR,DF,Nott'ham Forest,23,2000,5.1,201,274,73.4,2954,1132,117,136,86.0,69,96,71.9,11,28,39.3,0,0.5,0.4,-0.5,2,14,2,0,24
510,Marcus Tavernier,eng ENG,FW,Bournemouth,24,1999,23.5,658,920,71.5,10699,3392,358,421,85.0,222,282,78.7,60,142,42.3,4,5.2,4.2,-1.2,44,46,35,7,84
511,Charlie Taylor,eng ENG,DF,Burnley,29,1993,25.9,995,1312,75.8,16535,5292,520,590,88.1,380,488,77.9,76,169,45.0,1,1.2,1.7,-0.2,15,69,19,14,82
512,Kenny Tete,nl NED,DF,Fulham,27,1995,9.6,418,523,79.9,6413,2614,236,269,87.7,146,181,80.7,27,44,61.4,0,0.4,0.5,-0.4,3,45,10,7,54
513,Luke Thomas,eng ENG,DF,Sheffield Utd,22,2001,10.2,234,319,73.4,3866,1408,115,133,86.5,96,121,79.3,19,44,43.2,0,0.1,0.2,-0.1,2,23,5,2,33
514,Youri Tielemans,be BEL,"MF,FW",Aston Villa,26,1997,18.0,789,949,83.1,12925,4025,397,434,91.5,315,368,85.6,58,92,63.0,6,2.6,2.2,+3.4,18,101,25,1,128
515,Jurriën Timber,nl NED,DF,Arsenal,22,2001,0.8,66,74,89.2,982,221,35,36,97.2,30,33,90.9,1,2,50.0,0,0.0,0.0,0.0,0,11,0,0,8
516,Harry Toffolo,eng ENG,DF,Nott'ham Forest,27,1995,16.2,424,590,71.9,6959,2983,207,244,84.8,159,216,73.6,41,96,42.7,3,1.5,1.2,+1.5,18,40,10,10,42
517,Takehiro Tomiyasu,jp JPN,DF,Arsenal,24,1998,12.8,574,697,82.4,8941,2520,306,342,89.5,229,267,85.8,27,56,48.2,1,0.4,0.8,+0.6,6,60,10,3,72
518,James Tomkins,eng ENG,DF,Crystal Palace,34,1989,0.1,18,21,85.7,362,142,8,9,88.9,6,8,75.0,4,4,100.0,0,0.0,0.0,0.0,0,1,0,0,1
519,Sandro Tonali,it ITA,MF,Newcastle Utd,23,2000,4.9,241,280,86.1,3776,870,130,141,92.2,94,109,86.2,11,19,57.9,0,0.6,0.5,-0.6,7,16,4,2,19
520,Ivan Toney,eng ENG,FW,Brentford,27,1996,16.1,228,426,53.5,2972,1188,135,219,61.6,56,103,54.4,15,31,48.4,2,1.5,1.4,+0.5,12,20,18,5,40
521,Pau Torres,es ESP,DF,Aston Villa,26,1997,27.4,1562,1788,87.4,29096,9616,524,566,92.6,887,952,93.2,126,226,55.8,0,0.4,0.7,-0.4,8,141,12,1,128
522,Andros Townsend,eng ENG,"MF,FW",Luton Town,32,1991,13.4,304,432,70.4,5162,1225,148,173,85.5,111,147,75.5,32,74,43.2,3,1.3,1.8,+1.7,18,23,16,12,35
523,James Trafford,eng ENG,GK,Burnley,20,2002,28.0,1009,1541,65.5,23601,16311,318,323,98.5,451,464,97.2,235,735,32.0,0,0.0,0.1,0.0,0,24,1,0,6
524,Adama Traoré,es ESP,"FW,MF",Fulham,27,1996,4.2,97,139,69.8,1487,457,52,62,83.9,38,52,73.1,5,12,41.7,3,0.7,0.9,+2.3,7,3,9,4,16
525,Bénie Traoré,ci CIV,"FW,MF",Sheffield Utd,20,2002,4.3,55,71,77.5,775,185,34,38,89.5,19,23,82.6,1,1,100.0,0,0.5,0.5,-0.5,4,2,7,1,9
526,Bertrand Traoré,bf BFA,"DF,FW",Aston Villa,27,1995,0.1,2,3,66.7,15,0,1,1,100.0,0,0,,0,1,0.0,0,0.0,0.0,0.0,0,0,0,0,0
527,Boubacar Traoré,ml MLI,MF,Wolves,21,2001,9.1,383,455,84.2,5849,1360,207,234,88.5,138,158,87.3,23,34,67.6,0,0.4,0.3,-0.4,6,34,7,3,29
528,Mark Travers,ie IRL,GK,Bournemouth,24,1999,4.0,67,118,56.8,2248,1616,10,10,100.0,31,31,100.0,26,77,33.8,0,0.0,0.0,0.0,0,5,0,0,0
529,Mike Trésor,be BEL,"FW,MF",Burnley,24,1999,4.7,120,180,66.7,1614,462,73,86,84.9,32,52,61.5,4,19,21.1,0,0.4,0.5,-0.4,7,6,2,0,10
530,Kieran Trippier,eng ENG,DF,Newcastle Utd,32,1990,24.8,1624,2130,76.2,29797,10999,693,783,88.5,728,874,83.3,187,382,49.0,10,7.5,7.1,+2.5,65,111,52,19,157
531,Leandro Trossard,be BEL,"FW,MF",Arsenal,28,1994,18.3,494,673,73.4,7666,1927,271,315,86.0,181,241,75.1,31,60,51.7,1,2.8,3.2,-1.8,24,28,29,4,76
532,Auston Trusty,us USA,DF,Sheffield Utd,24,1998,28.6,701,920,76.2,12342,4628,281,330,85.2,355,443,80.1,50,106,47.2,0,1.1,0.8,-1.1,8,24,4,2,40
533,Kostas Tsimikas,gr GRE,DF,Liverpool,27,1996,7.5,383,500,76.6,6585,1715,185,206,89.8,145,183,79.2,42,85,49.4,3,1.0,1.3,+2.0,16,16,7,4,31
534,Matt Turner,us USA,GK,Nott'ham Forest,29,1994,17.0,398,578,68.9,12363,9869,87,87,100.0,147,151,97.4,162,330,49.1,0,0.0,0.0,0.0,0,10,0,0,0
535,Destiny Udogie,it ITA,DF,Tottenham,20,2002,26.6,1235,1440,85.8,16731,5145,775,844,91.8,400,460,87.0,19,33,57.6,3,2.2,2.0,+0.8,24,115,13,0,155
536,Lesley Ugochukwu,fr FRA,MF,Chelsea,19,2004,3.3,155,183,84.7,2510,683,79,90,87.8,63,73,86.3,10,11,90.9,0,0.1,0.1,-0.1,3,11,5,0,17
537,Enes Ünal,tr TUR,"FW,MF",Bournemouth,26,1997,3.6,55,75,73.3,698,213,35,45,77.8,12,16,75.0,4,5,80.0,2,1.0,0.1,+1.0,5,10,2,0,7
538,Virgil van Dijk,nl NED,DF,Liverpool,32,1991,35.3,2640,2887,91.4,49290,18943,1029,1092,94.2,1343,1412,95.1,239,325,73.5,2,1.6,1.0,+0.4,11,213,10,0,200
539,Raphaël Varane,fr FRA,DF,Manchester Utd,30,1993,15.3,694,781,88.9,11976,3767,282,301,93.7,350,381,91.9,45,68,66.2,0,0.1,0.6,-0.1,1,59,4,0,59
540,Alejo Véliz,ar ARG,FW,Tottenham,19,2003,0.6,5,10,50.0,91,5,2,4,50.0,2,2,100.0,1,1,100.0,0,0.0,0.0,0.0,0,0,0,0,1
541,Joël Veltman,nl NED,DF,Brighton,31,1992,17.6,758,906,83.7,12317,3297,373,419,89.0,330,376,87.8,48,82,58.5,1,0.5,0.6,+0.5,4,51,8,0,85
542,Micky van de Ven,nl NED,DF,Tottenham,22,2001,26.0,1698,1810,93.8,29840,10172,674,698,96.6,894,941,95.0,99,124,79.8,0,0.0,0.3,0.0,1,121,3,0,108
543,Bart Verbruggen,nl NED,GK,Brighton,20,2002,21.0,753,862,87.4,14982,10381,304,307,99.0,309,315,98.1,129,226,57.1,0,0.0,0.0,0.0,0,3,0,0,3
544,Guglielmo Vicario,it ITA,GK,Tottenham,26,1996,38.0,1335,1569,85.1,25924,15175,445,448,99.3,748,766,97.7,133,340,39.1,0,0.0,0.0,0.0,0,5,0,0,3
545,Fabio Vieira,pt POR,"MF,FW",Arsenal,23,2000,3.3,122,150,81.3,1969,421,67,75,89.3,44,53,83.0,9,17,52.9,2,1.6,0.8,+0.4,5,12,6,1,15
546,Carlos Vinícius,br BRA,FW,Fulham,28,1995,3.5,46,62,74.2,587,115,28,34,82.4,14,21,66.7,1,1,100.0,0,0.8,0.1,-0.8,5,1,0,0,3
547,Vitinho,br BRA,"DF,MF",Burnley,24,1999,25.7,715,994,71.9,11588,3536,373,445,83.8,282,398,70.9,45,84,53.6,2,1.3,1.2,+0.7,11,56,19,4,66
548,Odisseas Vlachodimos,gr GRE,GK,Nott'ham Forest,29,1994,5.0,141,176,80.1,3965,2847,21,21,100.0,73,73,100.0,47,80,58.8,0,0.0,0.0,0.0,1,0,0,0,1
549,Kyle Walker,eng ENG,DF,Manchester City,33,1990,30.7,2128,2404,88.5,36091,8306,992,1057,93.9,932,1020,91.4,166,246,67.5,4,2.6,3.2,+1.4,25,199,32,13,157
550,Aaron Wan-Bissaka,eng ENG,DF,Manchester Utd,25,1997,19.8,823,986,83.5,10824,3539,536,599,89.5,243,285,85.3,19,38,50.0,2,1.5,1.4,+0.5,12,51,16,3,77
551,Joel Ward,eng ENG,DF,Crystal Palace,33,1989,22.0,715,944,75.7,11829,5634,358,396,90.4,301,372,80.9,46,134,34.3,1,0.2,0.3,+0.8,3,68,7,3,66
552,James Ward-Prowse,eng ENG,MF,West Ham,28,1994,33.3,1386,1672,82.9,23288,7105,702,762,92.1,520,570,91.2,134,270,49.6,7,7.8,6.3,-0.8,64,137,23,8,144
553,Lewis Warrington,eng ENG,FW,Everton,20,2002,0.0,2,2,100.0,53,0,0,0,,1,1,100.0,1,1,100.0,0,0.0,0.0,0.0,0,0,0,0,0
554,Deivid Washington,br BRA,"DF,FW",Chelsea,18,2005,0.1,1,1,100.0,25,0,0,0,,1,1,100.0,0,0,,0,0.0,0.0,0.0,0,0,0,0,0
555,Ollie Watkins,eng ENG,FW,Aston Villa,27,1995,35.7,459,609,75.4,5830,932,293,363,80.7,124,164,75.6,9,19,47.4,13,7.3,4.2,+5.7,45,23,22,0,55
556,Adam Webster,eng ENG,DF,Brighton,28,1995,12.7,997,1096,91.0,16938,5838,428,462,92.6,495,529,93.6,56,79,70.9,0,0.1,0.3,-0.1,5,92,4,0,80
557,Danny Welbeck,eng ENG,"FW,MF",Brighton,32,1990,18.8,423,515,82.1,4847,730,304,349,87.1,91,106,85.8,1,2,50.0,1,1.7,1.4,-0.7,22,23,13,0,44
558,Timo Werner,de GER,FW,Tottenham,27,1996,9.0,281,366,76.8,4049,863,163,189,86.2,108,138,78.3,6,12,50.0,3,2.7,2.9,+0.3,15,9,20,5,41
559,Adam Wharton,eng ENG,MF,Crystal Palace,19,2004,14.4,464,596,77.9,8091,2486,209,244,85.7,199,234,85.0,45,80,56.3,3,2.4,1.5,+0.6,21,51,16,3,79
560,Ethan Wheatley,eng ENG,FW,Manchester Utd,17,2006,0.2,0,0,,0,0,0,0,,0,0,,0,0,,0,0.0,0.0,0.0,0,0,0,0,0
561,Ben White,eng ENG,DF,Arsenal,25,1997,33.2,1828,2177,84.0,28002,9801,999,1099,90.9,713,832,85.7,85,171,49.7,4,3.8,3.7,+0.2,38,172,45,10,192
562,Joe White,eng ENG,MF,Newcastle Utd,20,2002,0.1,11,12,91.7,172,48,7,8,87.5,3,3,100.0,1,1,100.0,0,0.0,0.0,0.0,0,2,0,0,3
563,Neco Williams,wls WAL,DF,Nott'ham Forest,22,2001,18.2,519,785,66.1,8061,3375,287,331,86.7,185,288,64.2,32,99,32.3,1,1.6,1.7,-0.6,11,43,17,11,47
564,Willian,br BRA,FW,Fulham,34,1988,22.8,932,1145,81.4,16128,3848,460,513,89.7,337,407,82.8,109,157,69.4,2,3.9,4.5,-1.9,44,59,69,9,153
565,Joe Willock,eng ENG,MF,Newcastle Utd,23,1999,4.7,136,164,82.9,2092,658,76,82,92.7,42,55,76.4,12,16,75.0,0,0.6,0.6,-0.6,7,16,3,1,17
566,Callum Wilson,eng ENG,FW,Newcastle Utd,31,1992,11.0,105,163,64.4,1266,184,65,83,78.3,25,41,61.0,3,7,42.9,1,0.6,0.6,+0.4,8,3,2,0,9
567,Harry Wilson,wls WAL,FW,Fulham,26,1997,18.0,478,632,75.6,7538,1644,254,294,86.4,153,196,78.1,48,83,57.8,6,3.5,2.7,+2.5,22,34,26,7,60
568,Yoane Wissa,cd COD,FW,Brentford,26,1996,27.7,327,462,70.8,4297,1135,197,248,79.4,84,124,67.7,16,29,55.2,3,3.9,2.0,-0.9,30,26,16,4,48
569,Chris Wood,nz NZL,FW,Nott'ham Forest,31,1991,20.1,278,433,64.2,3415,784,178,260,68.5,70,108,64.8,7,11,63.6,1,2.1,1.1,-1.1,22,19,3,0,30
570,Cauley Woodrow,eng ENG,"FW,MF",Luton Town,28,1994,4.7,110,152,72.4,1530,250,66,82,80.5,31,40,77.5,4,12,33.3,1,1.2,0.9,-0.2,9,5,4,4,6
571,Joe Worrall,eng ENG,DF,Nott'ham Forest,26,1997,4.9,138,164,84.1,2910,1068,25,30,83.3,98,105,93.3,14,27,51.9,0,0.2,0.3,-0.2,2,5,0,0,8
572,Yehor Yarmoliuk,ua UKR,MF,Brentford,19,2004,7.6,221,298,74.2,3416,801,117,140,83.6,80,102,78.4,12,28,42.9,0,0.1,0.6,-0.1,3,17,10,1,35
573,Ryan Yates,eng ENG,MF,Nott'ham Forest,25,1997,22.1,658,827,79.6,10590,2717,315,375,84.0,279,324,86.1,37,67,55.2,1,0.8,0.6,+0.2,7,59,10,0,73
574,Ashley Young,eng ENG,"DF,MF",Everton,38,1985,25.3,723,1052,68.7,12752,5653,339,386,87.8,290,384,75.5,83,219,37.9,0,1.5,1.4,-1.5,21,62,22,11,82
575,Illia Zabarnyi,ua UKR,DF,Bournemouth,20,2002,37.0,1471,1805,81.5,30757,10546,392,458,85.6,880,952,92.4,188,362,51.9,0,0.4,0.6,-0.4,7,127,11,0,109
576,Nicolò Zaniolo,it ITA,"FW,MF",Aston Villa,24,1999,9.3,150,228,65.8,2141,550,94,119,79.0,44,62,71.0,6,15,40.0,0,1.0,0.7,-1.0,10,17,5,0,30
577,Anass Zaroury,ma MAR,"FW,MF",Burnley,22,2000,1.7,43,70,61.4,714,120,23,31,74.2,13,21,61.9,6,11,54.5,0,0.0,0.1,0.0,2,2,2,1,2
578,Oleksandr Zinchenko,ua UKR,DF,Arsenal,26,1996,19.1,1374,1568,87.6,23132,6928,653,706,92.5,601,667,90.1,95,134,70.9,2,2.5,2.9,-0.5,29,154,49,4,229
579,Kurt Zouma,fr FRA,DF,West Ham,28,1994,31.5,962,1148,83.8,18843,6791,335,365,91.8,509,558,91.2,111,198,56.1,0,0.2,0.1,-0.2,4,57,1,0,53
580,Martin Ødegaard,no NOR,MF,Arsenal,24,1998,34.3,1692,2006,84.3,25780,7898,907,992,91.4,635,744,85.3,91,140,65.0,10,9.6,11.2,+0.4,102,160,130,13,344
